epoch,train_mse,test_mse,test_r2_paper,test_expected_timing_return,test_sharpe_paper,test_sharpe_var,test_signal_mse,parameter_norm_sq
1,4.641036824915256,4.868038637351174,0.02729954024463077,0.1912971155281572,0.16304603798644582,0.16525743666011525,0.9999447703899925,46.05250004096888
5,3.229938015510859,4.728553221106676,0.05517062727117461,0.5578803635991967,0.24570092545875513,0.2534709025851966,0.8374953989481789,64.96991326007992
10,2.0163294023933456,5.377813476699989,-0.07456041969934413,0.8282276792425256,0.23765094502526637,0.24466031107770247,1.4347364923479307,100.30475857558486
15,1.4293392593523702,5.620796320687916,-0.1231117032175717,0.9487887176458178,0.24293361449067183,0.25043594512657813,1.7298653138324804,125.61147504800465
20,1.0504981015042751,6.045741451318905,-0.20802153132864842,1.0067649743507108,0.23591039459981025,0.24276240917797057,2.1595972178235145,151.1865249449038
25,0.8563447435686468,6.244841924463655,-0.24780451913804424,1.0793895817273707,0.2390419595036932,0.24617887243721637,2.4213298632111724,174.4921838597802
30,0.7731258531313404,6.671682489029836,-0.3330930807797161,1.0832224815569629,0.22614319564429466,0.23215745056321968,2.751357232380338,196.50424735312845
35,0.6822277372358021,6.829961778566185,-0.36471943980663046,1.1297483482447843,0.22844193595384643,0.23464656867630432,2.9472873745838033,216.16817821873337
40,0.39965655282530427,6.473056407457645,-0.29340488287136823,1.165771880010326,0.24130765289783707,0.2486557619458412,2.6112553987599396,233.19281303150638
45,0.27508704994749594,6.79969454547593,-0.35867163416340464,1.0945845451255587,0.2250039764443847,0.2309254013227043,2.884650459775408,247.9500189731625
50,0.20947403239589016,6.791607821918644,-0.3570557965934782,1.0730843528062115,0.2246021341522095,0.2304910529647266,2.901250680532422,260.399751249337
55,0.1570202946115325,6.7383351487591465,-0.34641119051392644,1.0938358517977136,0.22525944694359518,0.23120160201180598,2.842453139374253,270.44166783127
60,0.13372167067250437,6.780712879532567,-0.354878838632086,1.1036304532154408,0.2277965551155576,0.23394732270557603,2.9682939422730685,278.59252612292767
65,0.28473893090030566,7.022263064599222,-0.403143857374044,1.0310443532509002,0.21255887183623834,0.2175298059610037,3.129936120485946,284.94206308800494
70,0.29386142146359695,6.720106144051113,-0.3427687869544438,1.084529086236452,0.22424232198705402,0.23010223975293906,2.8252918795106905,289.30303824169096
75,0.31038839217900466,6.945598868292854,-0.3878253061978447,1.0779462168985714,0.2216816887963885,0.22733806807006557,3.120552965712798,295.6302491235547
80,0.11202712326632655,6.79295110245036,-0.3573242023494956,1.1315822551447863,0.22837304262943134,0.23457190979923015,2.9055578607614887,300.78186455054674
85,0.06589378753722469,6.889514208829449,-0.37661882693395743,1.1042077483432036,0.22474987929057075,0.23065073518061943,3.009087126361032,305.75309397943784
90,0.09803682765572354,6.902503839472358,-0.37921433215477984,1.022904303120815,0.2130654881037365,0.21807289529760351,3.00832887554203,309.18387457123026
95,0.07114263790187941,6.832202332680404,-0.3651671330521784,1.085922006146452,0.2240738491821206,0.22992022202335838,2.9768259312562284,311.76964280568063
100,0.041747458499002195,6.840093330762731,-0.3667438620049266,1.0910204756053232,0.2220962058047679,0.2277851966048173,2.9669738530979086,313.86672286945395
105,0.03052473506369014,6.854150548811243,-0.36955268573811484,1.0879707354808343,0.2230532947133788,0.22881807989948846,2.965349592338525,316.389514060691
110,0.03248756125578022,6.906208308953392,-0.3799545356403693,1.10558151782595,0.22495522400881535,0.2308726985660797,3.044916515878575,317.87135602370836
115,0.030450640504316742,6.8786698429789555,-0.37445197485361525,1.0903094347950189,0.22201741824504834,0.2277002005570312,3.003235672909923,318.927041125251
120,0.08111353515721975,6.937825525731142,-0.3862720864214857,1.0917314606613435,0.22040363194340404,0.22596027649831077,3.0517995607916384,319.9140412090346
125,0.2084965655115204,6.997134690052119,-0.3981228656983964,1.1792700192205605,0.23369015442506436,0.24034503967785417,3.1522588801974436,321.5988782928325
130,0.25592816851286937,6.944229644229161,-0.3875517165705882,0.9413033034606824,0.2009003934839901,0.20508166532692407,3.0425308187545044,324.78005963307805
135,0.2995337853905296,6.7569431428016005,-0.350129321307167,1.0414970933465184,0.21427965694244228,0.21937522739318857,2.9460671205404196,329.5676418237854
140,0.17156385316317085,6.8759427493751,-0.37390706438763965,1.0738304665407519,0.2222119817817406,0.22791010428701555,2.9928625997536944,334.91174347302876
145,0.0763997719839194,6.771767553867318,-0.3530914406602441,1.1442084222810645,0.23231866120073272,0.2388537652886785,2.916961724376022,340.4142296612263
150,0.1537788097093206,6.949065331106985,-0.38851795270791123,1.1001476021937655,0.22366736542346144,0.2294811469766887,3.0485602131628693,343.82358847442083
155,0.10337537300373406,6.9618148207719805,-0.3910654744887849,1.0680966710559474,0.21826708053714808,0.223659723957219,3.040134353624261,346.5735400610138
160,0.06422709584891224,6.851845002040014,-0.36909200607399817,1.0688834097874467,0.22033006655671228,0.22588100766361932,3.0038472960679767,349.88466170057654
165,0.07079590784826988,6.896228495070492,-0.37796043282497926,1.0688554513623034,0.22211409798697992,0.22780449935131566,2.9930569369570086,351.9886002393905
170,0.08604317309095055,6.88402014091513,-0.3755210372933451,1.084971607304487,0.22385059906619165,0.22967905641105454,3.0009960646813414,353.443339997204
175,0.09873662282140995,6.835833003413524,-0.36589259054222967,1.0765805289470607,0.22126131830189208,0.22688475790424795,2.9350162316553368,356.1530828117393
180,0.08214971130792095,6.891108802265394,-0.37693744843304855,1.0845574670789424,0.22265036304399594,0.22838315435607928,3.0024192296632948,358.1773480325937
185,0.16806669867205945,6.894544116606833,-0.37762387105379025,1.0306756640475532,0.21613462660426477,0.22136695077304652,2.972268808257961,361.192737525329
190,0.09762792812257004,6.884087985918772,-0.3755345936496417,1.03616069717381,0.21675529186560966,0.2220339333786545,2.9495788479728526,365.33541489066556
195,0.24441869678440697,6.972855906750368,-0.393271633931517,1.0899661780234362,0.2210960030931087,0.22670652526497215,3.100271055967818,368.9204289934132
200,0.15111479964629984,6.910367223716126,-0.3807855434862717,1.0334889637504847,0.21504939499152645,0.2202014092462572,2.943362997557621,372.29133605537936
205,0.10712923481321766,6.956709334844784,-0.3900453288246657,1.0492076759055036,0.21666953679230969,0.22194176200733748,3.040697879647766,377.458419917617
210,0.0771703636970474,6.79228883286201,-0.35719187186055334,1.1128002085875228,0.22958435695751156,0.23588514000589808,2.921343948181131,380.6710628089495
215,0.07044257860728938,6.8622293634349125,-0.3711669429953244,1.03621740251958,0.21649459587548248,0.22175374851280455,2.955631380080366,383.11962972860783
220,0.05483367179168796,6.921834272929002,-0.3830768161881397,1.0453027889576734,0.2156810313381666,0.22087968391939103,3.034416201813082,385.33251964021474
225,0.05418505243130998,6.8511226623298,-0.36894767275609186,1.0719320863911275,0.222975666228455,0.22873427791091364,2.974621520460509,386.45340492995456
230,0.08999933941799071,6.8783715033148525,-0.37439236252305363,1.0445608056662812,0.21627858610028247,0.22152162818037333,2.992096569812714,388.22315406333655
235,0.10500918964220708,6.878075962742226,-0.37433330948911436,1.0974207808878547,0.22579149106856156,0.23177698027384816,3.0221184839535207,390.6197797032073
240,0.10606952099529214,6.9823406274373205,-0.39516681037939105,1.0465947049291426,0.21710921112817982,0.22241439039834074,3.045506026593481,392.92632978688926
245,0.10964233975307915,6.838427910613263,-0.3664110883632705,1.0831388204170744,0.22142339967730637,0.22705952399071563,2.964145923650207,395.71410433901474
250,0.08950247869240599,6.7181487126186825,-0.34237766547901916,1.088000729128472,0.22372939462983232,0.2295481414394201,2.836699753051727,398.8694833931513
255,0.07796197106544497,6.781309865002575,-0.3549981244645133,1.1199129506961405,0.229403651317404,0.2356891571628598,2.8828217871896857,401.99618729483336
260,0.04613737105572951,6.835525659298727,-0.36583117899970996,1.0811799519623742,0.22330720159046827,0.22909221105067487,2.939622825509094,405.16450847219676
265,0.05446401053794837,6.828360562807221,-0.3643994950771534,1.0484703382026077,0.21815074301879564,0.22353455372304223,2.9255615258519345,406.8181944214739
270,0.08109766152023574,6.908202264203397,-0.38035295507227973,1.075272686580181,0.2209312862074792,0.2265289581361106,3.0116162195114895,408.3804565849714
275,0.09847919244552567,6.831323558426055,-0.36499154198051587,1.0112402175215984,0.2150988877247794,0.22025454591399649,2.8959666511492124,409.7799647063948
280,0.1381384285578281,6.711933725753104,-0.34113582640750106,1.045560686791561,0.2181558657319498,0.22354006515828934,2.8238502984788725,412.5185530250892
285,0.17201825458592612,6.697145605442691,-0.3381809584418922,1.0389593109537405,0.21776847373912642,0.2231233317589985,2.8205546167333204,415.44591793511063
290,0.11280757136334846,6.906272863430428,-0.379967434504608,0.9689059484728247,0.2081364569500515,0.21279674868322437,3.004231094773927,419.77208538306877
295,0.12363797912140512,6.971768737201412,-0.3930544026400502,0.9751579917237804,0.20492923487250467,0.20937279728418148,3.0542244554445133,423.58711039088666
300,0.15087540597091773,6.789265333096488,-0.356587735404152,0.9975653483211799,0.21087937037263157,0.21573070243542486,2.881661096539926,428.4794995766133
305,0.10938893082586504,6.739156740008804,-0.3465753556419804,1.0421732682091283,0.22018399956444062,0.2257236282547811,2.8487361188326523,433.63733328087255
310,0.0616792882553937,6.873729702735616,-0.37346486751040686,1.0019734056126404,0.20983349623579706,0.21461136011626555,2.9149356403730344,437.5562093099579
315,0.07510391839798021,6.775468236948788,-0.35383088757160097,1.0567313411456953,0.2194803053303482,0.2249656585612212,2.8770892105831947,440.9526692610234
320,0.03645923367819181,6.865990457329694,-0.37191846081043933,1.015147299563918,0.2127801713253447,0.21776701494066114,2.936791554249454,443.8639546860941
325,0.025147454037593633,6.874513075874054,-0.37362139613901535,1.0473063009763581,0.21689331091257308,0.2221822905038349,2.9491039877735874,445.93718943186104
330,0.021673891623563955,6.91125131881388,-0.3809621977349571,1.0099358747423492,0.2113668692589073,0.2162527106773241,2.9673426785035817,447.54807773279026
335,0.048776772429279885,6.824106800296531,-0.36354953535865575,1.0032377462458555,0.21085452940311133,0.21570410752359997,2.9296274696892706,448.5176712530665
340,0.0940902504739541,6.852687310588212,-0.36926031080062893,1.0198493007900369,0.21432966367331877,0.2194288880156083,2.9593081778471726,450.2523652082309
345,0.17861588915119686,6.795815885468474,-0.3578966250368256,1.0077558607888106,0.20948194508230347,0.21423528728414876,2.880503490004009,452.4185908511281
350,0.1847681312342109,7.068624907102797,-0.41240758531003907,0.9927476384336726,0.20370724986027466,0.20807009557439088,3.1664676081372667,455.60224982816726
355,0.1438560232906198,6.729851730009539,-0.3447160878385436,1.0128713522400001,0.21459498623051965,0.2197136274256493,2.8001784800489835,460.4312415327877
360,0.2166615270209348,6.959208389000849,-0.39054467390132697,1.0571804461104537,0.21434018569805688,0.21944017909387512,3.060669522278384,465.71782956365496
365,0.16247350501667318,6.798477924103299,-0.35842853663344143,1.064123235505049,0.21994819339770613,0.22546959333165553,2.9386692537223853,470.8457081373781
370,0.09494325413315548,6.812019638462545,-0.36113435570440133,1.079277930486884,0.22302125082788732,0.22878348712827679,2.9529204084379743,476.4933458152227
375,0.09353483558779795,6.899041368330557,-0.37852248323524207,1.0543767417250456,0.2167227709766674,0.22199897860288376,2.9894026366235282,481.2931273165159
380,0.04436257652289238,6.858438251720171,-0.3704094272107088,1.0830096161587295,0.22316916115697222,0.22894316929135836,2.9552994638106522,484.2849961761385
385,0.03579568699934183,6.902536706777617,-0.3792208994902755,1.0329531861496852,0.21452530091643324,0.21963883746219673,2.978168033108935,486.00380368810147
390,0.028841392006783907,6.922438903732883,-0.38319762966246285,1.0113713881288058,0.2111653193290427,0.21603687285650244,2.9945085363607786,487.5033604768105
395,0.02485335454641928,6.862535407904054,-0.3712280948509312,1.0468701219563135,0.2163193627686026,0.22156544346177492,2.967558911068,488.9399839765392
400,0.03682111310582717,6.866292187544714,-0.3719787506192793,1.0449670351048022,0.2175400617652293,0.22287767155902155,2.9456524429145583,489.69320325925946
405,0.05310549277253043,6.950232242219261,-0.3887511174504208,1.010182303899425,0.21057870928812522,0.21540884199510218,3.0135161461394127,490.7760765729472
410,0.030105055233424327,6.832760750534883,-0.3652787125494361,1.0372622534290656,0.21623757861037815,0.22147756610337724,2.9281593076221006,492.6846701661125
415,0.041248448371086315,6.827573983832225,-0.3642423258787122,1.0604346464407164,0.21923534206046152,0.22470188807260155,2.9355244656064783,493.75950171705335
420,0.069320019526531,6.857005174432495,-0.3701230788391301,1.0380425790240109,0.21459337483511348,0.2197118979511813,2.9534887422132834,494.98459735373035
425,0.05555239580040284,6.8781671815581555,-0.37435153625163675,1.0296262515136927,0.21378836997136352,0.21884813911975493,2.9630727023023486,496.83936237357557
430,0.08017667299553685,6.826702370323646,-0.3640681656216389,1.0938611217894272,0.22641588267557936,0.2324525063546667,2.904787429434292,499.07809877442196
435,0.12750055615741268,7.008080846696496,-0.40031005696652744,0.9745782310443201,0.2044693433197421,0.20888240863398316,3.04987982561703,501.3931604796089
440,0.25199450283443486,6.885334907580884,-0.37578374559036565,0.9467922882154826,0.20241622461626,0.20669489527228033,2.9707875523852114,503.6407360830344
445,0.19358458255718528,7.139477748940871,-0.42656494866826633,0.9544759755011769,0.20172677453032953,0.20596095377108237,3.13716622841196,510.95473191002384
450,0.18354121279581573,6.895932272584448,-0.37790124353544585,0.9887151383118812,0.2100649588032266,0.21485901537076194,2.9384075563082597,516.338819545228
455,0.24039373133834346,7.043176230681416,-0.4073225929549431,1.0969627614709012,0.2230235374043431,0.2287859555613744,3.105761949544998,522.4379812316038
460,0.09017367449783087,6.879416864605987,-0.3746012399548586,1.036523483164918,0.21611980408631307,0.22135102556575323,2.952176081205714,528.5869281082414
465,0.037677321178033685,6.836577152874425,-0.3660412817455394,1.058704689371148,0.2199279846654867,0.2254478243169024,2.9295336202263926,532.5405606380664
470,0.03540601584512069,6.9409233931608165,-0.3868910825506424,1.0197389204474678,0.21241966311838614,0.2173806073230623,2.988635233154291,535.9603216229007
475,0.02981684698017853,6.854998056174946,-0.36972202925893116,1.0370154468236163,0.21524432756457765,0.22041070415541647,2.9300042201648524,537.118065611925
480,0.011651394542022167,6.868113991349894,-0.3723427718464911,1.0181742966544998,0.21243529469459996,0.21739735996413673,2.9499005722679623,538.6827504178509
485,0.014033019886825147,6.857770977332942,-0.3702760966947467,1.0340734642157,0.21611503837873786,0.22134590535772108,2.9507988740081914,539.2836195034906
490,0.01387160553806044,6.937715042404421,-0.3862500103471769,1.011387885934946,0.2110603669530491,0.21592449182017356,3.008774170862398,540.033721100539
495,0.0368278221967915,6.8973193081510535,-0.3781783921437134,1.034178396302044,0.21552048271450328,0.22070725329649202,3.0061993421322115,540.8740360252559
500,0.07463312781819288,6.897437438728816,-0.3782019962429948,0.9546557933736365,0.2034831489678166,0.2078313022864345,2.9741892129351526,541.2974350070581
505,0.023589534676075045,6.8641754428534405,-0.37155579618366996,1.0200245057609583,0.2129384930685576,0.21793674016336437,2.971558645520531,543.5327076357789
510,0.03392776794971963,6.924109202970416,-0.3835313782124048,1.038473450797191,0.21388308792097918,0.21894974584632718,3.0142944460147114,544.7665453483351
515,0.06838088638923148,6.948611443226391,-0.3884272597239353,1.062319642171764,0.21872889176425628,0.22415669619232792,3.054690207941958,546.1583483023569
520,0.05771450982835834,6.92615132227906,-0.38393942147959526,0.9893621515630764,0.20872916747528597,0.21343029332934046,2.9782803128942343,548.7812699237838
525,0.061531469588550866,6.8998481963575635,-0.3786836984702222,1.02114754553164,0.21404070561858002,0.2191188413264683,3.0088714458655006,550.6271574851125
530,0.1422011294804647,6.986781000626328,-0.39605405745448485,1.0832733106657952,0.21850925129778628,0.22392031321717587,3.0772069115147773,553.0226556947455
535,0.12434583501286649,6.916905531385901,-0.38209198646057674,0.9900765663073577,0.20491988819040072,0.2093628293495819,3.0035222428020654,557.4481301801279
540,0.1029514602973531,6.828315038258973,-0.36439039865202005,0.968583341667635,0.20629472772064925,0.21082969545452346,2.957047694419423,562.2176583167166
545,0.060423144371235214,6.927386633174481,-0.3841862534309066,0.9501898553260283,0.20015239082802452,0.20428616673886535,3.01019856892239,566.1365846507251
550,0.10063009367771356,6.934895891788524,-0.385686705635673,1.0571045642872692,0.2135260047434544,0.21856672599382354,3.0640962759899857,569.2778514251113
555,0.18708154366773372,7.014352201143358,-0.40156315904894435,1.0253551059956485,0.20827983062158353,0.21294997742107533,3.0869209017662564,570.4057058915496
560,0.1678944076635478,6.8180114808756285,-0.36233160747337223,1.0995841348150845,0.22725409710954078,0.23335984136343507,2.9184608273813346,575.7661711238325
565,0.10060863428311202,6.954971063128602,-0.38969799844718334,0.9828564424718472,0.20655310105216937,0.2111055085775256,3.027041817562186,582.2837086422369
570,0.07074357784890353,6.8873586973079925,-0.37618812635737586,1.031883059716685,0.2147173268450291,0.2198449383503702,2.986896615416335,584.8538817605004
575,0.06425902548845037,6.922269432085058,-0.38316376691772414,1.0574516477622597,0.2165251484711687,0.22178658255587794,3.0132015324609682,588.6828844416887
580,0.06920174578996391,6.807260095790697,-0.36018333421710036,1.0194330765046047,0.21293765613275206,0.21793584289811258,2.901142837358819,590.1409681085497
585,0.060418817017305365,6.948127814769735,-0.3883306241675675,0.9955986937600269,0.20750778080147428,0.21212502837985533,3.0319686602258544,593.1294944779947
590,0.037696131868363264,6.9269080063017565,-0.38409061725916827,1.0037657976310244,0.20959737626057345,0.21435876052088085,3.0245420196233237,595.581165894866
595,0.0334956370511562,6.894130245273344,-0.3775411739212582,1.0200504354381112,0.213012315001825,0.21801588543341716,2.9786548156176105,597.5361847309396
600,0.038181211117627116,6.894815262737027,-0.3776780497456924,1.004589323015497,0.20911355424509895,0.21384129338237615,2.9683159872309623,598.9766144836321
605,0.1334113242366242,6.8707829026607765,-0.37287605669744184,1.0060649567626156,0.20859044741062333,0.21328199429372188,2.9715724384959996,600.1812570411712
610,0.16114525333314725,6.964102365709244,-0.39152255714115225,1.0836177663821505,0.21975337202467413,0.22525974282454495,3.0442310578652814,602.7145723188296
615,0.3986125656251343,7.128048443304968,-0.424281217647434,1.0189017483301526,0.2022674623480518,0.2065365060468342,3.202966161048442,607.0095271421596
620,0.27201958969815965,6.8863471745215215,-0.3759860103199426,1.0416626790582553,0.213628555446448,0.2186767160462202,3.006683590751114,614.35182398092
625,0.11753057037392248,6.774589735823343,-0.35365535107481594,1.0310652293761373,0.21607492838589024,0.22130281241286182,2.900340250562784,622.8274267595261
630,0.058093144665064156,6.8099851869722166,-0.36072784457180496,1.0141034247251492,0.21335993658375307,0.2183886267831404,2.904600032611188,628.6283870665357
635,0.06244287465260747,6.942480287895484,-0.38720217133547297,1.0534520483827081,0.21536760700947669,0.22054308090124236,3.045832288361117,631.3491027262062
640,0.011514555775026237,6.880764541726631,-0.37487052420925915,1.0044712112189986,0.210231719517306,0.21503746577286767,2.9733423812373574,633.5552263949066
645,0.014929535275645087,6.881805122538239,-0.3750784464361079,1.0260564606300968,0.2125387307641373,0.21750821866375736,2.9760683809922948,634.6167900077999
650,0.01435536696160574,6.87015345853609,-0.3727502851834741,1.042724694596308,0.2170584682247844,0.22235983701591303,2.9625903652227854,635.3058431260288
655,0.012728896458262407,6.899818187334519,-0.37867770225846487,1.0376854098547856,0.21495076433129154,0.2200955221442547,3.0078356965203,635.8310314770788
660,0.013381164337323573,6.884644430985831,-0.3756457789570886,1.0294622931103432,0.21436355051858116,0.2194652519326615,2.9977632488205463,636.4072061022744
665,0.02135176112406742,6.9391366055212345,-0.3865340580305059,1.026889098180916,0.21244185430219248,0.21740439006550766,3.032295581881379,637.0467877956107
670,0.03529465430044639,6.88963345920813,-0.3766426547847226,1.0409894784047562,0.21407951561741267,0.21916048023601636,3.0007387570173125,637.5960343470797
675,0.04217733237669788,6.850891763566782,-0.36890153603662923,1.0002000171983283,0.21105996593515144,0.21592406243272044,2.92589377798898,637.9728490654379
680,0.06605682063054791,6.959838174336797,-0.39067051359395455,0.9781927865259452,0.20625972420843663,0.21079233280483356,3.0561416601039526,639.6780239418149
685,0.13072810482938763,7.027903078005263,-0.4042708089127991,1.048079430292898,0.2143386180224235,0.21943849683194114,3.170128151142787,641.8272231752053
690,0.06066482834083055,6.948428735046614,-0.3883907521397294,1.046978066478598,0.21502962102978102,0.2201801799111655,3.030061018213557,646.0609546853229
695,0.10024032817975152,6.937458817561123,-0.38619881313173887,1.006205023218312,0.21003137039264397,0.21482307483483531,3.0384511376226597,648.6619647117332
700,0.049947707530999294,6.875943822718456,-0.3739072788562694,1.0445659557040314,0.21569000623162593,0.2208893235876019,2.959117584839999,652.9749395232648
705,0.04676444605953538,6.898891186528839,-0.3784924748646312,1.0107973042091127,0.20946334060736752,0.2142153875173161,3.018816383779942,655.034737075679
710,0.03141020508314524,6.934007050230497,-0.3855091029795419,1.0393197099562514,0.21456462510525504,0.2196810418284671,3.0216925140477353,657.5406571310014
715,0.027285936709566208,6.926251858019721,-0.38395950989064676,1.0071227936496214,0.21033774667464583,0.2151509354933933,3.006551593553663,659.0742052020505
720,0.053109458065577396,6.949082205623718,-0.3885213244663146,1.0357925639099124,0.214021102308421,0.21909780951921823,3.0191763594418735,661.0044619916007
725,0.13447407300373088,6.96154859113163,-0.3910122781785539,1.0475043668522868,0.21668005586895214,0.22195306784386132,3.0481503955797407,662.7664662580937
730,0.1135777958897889,6.913262532995488,-0.38136406573660087,1.0859381421409502,0.21902838278141315,0.22447907414729654,3.006555541582442,665.6419984111562
735,0.09317323333385476,6.858639384662628,-0.3704496163135844,1.0501613830071819,0.21662739227498773,0.22189646616219072,2.971383771130778,670.3694412084296
740,0.06876435807282961,6.940584157367795,-0.3868232986162039,0.9483056400238253,0.20132138057477028,0.20552954812375604,2.9758721497135,675.7543309456669
745,0.07039073649585414,6.9278113296278265,-0.38427111356990706,1.022889521244401,0.21330448295073348,0.2183291601485192,3.0084938299596615,678.7125754505396
750,0.10334178541093463,6.895504429616809,-0.37781575468000983,1.0387338564816226,0.2159158504280076,0.22113191551022385,3.021177444551639,681.803765270859
755,0.07659110536085033,6.9249304761871295,-0.38369547979314267,1.0265766060724104,0.2118673393982678,0.2167887841343597,3.0538326851507818,683.9164635250345
760,0.06126717995269445,6.84279757812436,-0.36728420748036417,0.9733786647692221,0.20487953671928114,0.2093197964950007,2.9564077541126963,685.4770720265806
765,0.06582088464702167,6.996031653773454,-0.39790246401810725,0.9989692671768134,0.2082739200063217,0.21294366024473502,3.0641368529786344,689.5066633094102
770,0.07897094824735179,6.846126695909426,-0.3679494105819312,1.0320721328342666,0.21385749243756647,0.21892228818153564,2.9424064393467235,692.112616208382
775,0.06422513463781909,6.961201561198206,-0.39094293686864723,1.001732956042493,0.20776070372520802,0.21239523533335247,3.051426880253815,695.2498013190925
780,0.04054536749026699,6.947064231724471,-0.3881181057809675,1.0041579481722653,0.20725347747378745,0.21185339150893068,3.0461520042589383,698.2327735032886
785,0.024997130547560257,6.922582282336636,-0.3832262786614087,1.0747058447834574,0.21861604996473671,0.22403524834719132,3.0391587502816972,700.1095106294379
790,0.046014213061703585,6.977516468893178,-0.3942028777602422,1.028046093065304,0.21206492614205605,0.2170004762859691,3.1088423047922604,701.425896467641
795,0.030857754202441228,6.926540678643995,-0.3840172201873284,1.032678215230135,0.21268712693309014,0.2176672771994801,3.0312420174486556,702.6675721202046
800,0.026083360548455826,6.883076616247993,-0.3753325082068104,1.0404813692323018,0.21502334516302227,0.22017344219687313,3.0086519383785872,703.9842085130513
805,0.06391398294231386,6.917952487140018,-0.3823011824878142,1.010043279163219,0.20994830989628072,0.21473420120419529,3.0027921405043916,706.1977271689102
810,0.10809180511450028,7.074616438646234,-0.4136047749630183,1.0070954565124,0.20457450183819997,0.20899452785545763,3.1961150215519156,707.3596678827889
815,0.17430650091317673,6.936379970387512,-0.3859832447642806,0.9857348956077865,0.20438835129349317,0.20879606069009723,3.0636543561885743,709.6962562231347
820,0.2302434062623792,7.0612434660908425,-0.4109326728040259,1.0605553771316645,0.21085260182299445,0.2157020438614321,3.1676140744906958,716.2699877126142
825,0.27268674342371585,7.16854222955854,-0.43237242797675823,1.0788307221227906,0.21727133322445205,0.22258869954726235,3.261959483285678,719.9765828722157
830,0.08767136392161395,7.025800430232302,-0.40385067123357654,1.0075950692756743,0.20670455864503468,0.21126721076056276,3.1053391882863415,724.5789099922404
835,0.03616912003770554,6.80565940565597,-0.3598634945145087,1.0564557255777671,0.21878194524285985,0.224213799136219,2.943136540489351,728.6375199668109
840,0.02822232643788953,6.98380053739969,-0.39545852028504025,1.0572579598336607,0.21534692349420254,0.22052087029195408,3.0899172107000616,731.4902263116091
845,0.02754638806060885,6.932526526431331,-0.385213274148382,1.029037467278952,0.21119242043724212,0.2160658934853243,3.028448544856388,732.7095441818237
850,0.019321923371222054,6.969322365177532,-0.392565584171334,1.0133428174201407,0.20988893989253646,0.2146706790676177,3.069726694160598,734.0305719207972
855,0.014091858731191988,6.945382086824282,-0.3877819903061983,1.0276841300069726,0.21101208475233638,0.21587279477017507,3.0477483222622723,735.0389433521777
860,0.019812839298066428,6.903233147701294,-0.37936005787769145,1.0467963850167648,0.21589746423841355,0.2211121644810748,3.020770286775211,735.2433409951627
865,0.023729520845084003,6.96640372145585,-0.39198239938143553,0.9981682174297004,0.20740722486918198,0.2120176130967358,3.049323802600984,736.2359319599345
870,0.03051177156237787,6.9913085278864635,-0.3969587191006967,1.0555698354687548,0.21462028156037632,0.21974077658109042,3.1033789047149476,737.711992344819
875,0.04711702444168258,6.888117977007516,-0.3763398407885521,1.0552403453108123,0.21577995527767668,0.22098593844699507,2.9968935108199477,738.1217844923958
880,0.07113583049886917,6.999714490276663,-0.39863834493992,1.0254153446524756,0.20870709978115898,0.21340670090453476,3.120525767148846,741.020331681706
885,0.0636564396896985,6.941545503643318,-0.38701538870296104,1.0225295955173348,0.21273863276778823,0.21772248745090808,3.018767160204876,742.6725590517744
890,0.11016739030622262,6.951608089014944,-0.389026030389781,1.0274708178926226,0.21043862140675448,0.21525889848846194,3.10872465412011,745.354356911499
895,0.08966694362106828,7.01759769020215,-0.40221165199133746,1.0185076154251407,0.20654329268832455,0.21109503732270862,3.0931162120027076,749.4899996500462
900,0.11873801974628809,7.069810562665574,-0.4126444954492019,1.0580004353268857,0.2137210672657578,0.21877594546159088,3.1658367619978516,752.4690105356276
905,0.08750784737642424,6.992488930000193,-0.3971945795291476,0.9866704456238705,0.20349217921615365,0.20784092391239656,3.108667271886178,755.658747353591
910,0.05683566538874227,6.948159312741273,-0.3883369178915248,1.0376938275931125,0.21422733308456096,0.2193190822715095,3.0586847870747964,759.9078026604839
915,0.055145851415553226,7.007328757807694,-0.4001597793573275,1.044455470805829,0.21221694295427806,0.21716336430485586,3.106629942700418,762.6319572227076
920,0.06064049828017924,7.053024198115932,-0.40929035105318645,0.973039384275256,0.20235550890110376,0.20663024861704998,3.1402291984352915,764.6050702654757
925,0.023967660220240425,6.900274357121978,-0.37876885119852943,1.0556343484135544,0.2158578981802597,0.22106966220069452,3.0223096382884687,767.5949932807125
930,0.02241474877865358,6.891829206864853,-0.37708139508945493,1.0452924753533896,0.21460671053039684,0.2197262109097906,2.999135159098227,769.5790943307802
935,0.013131398800544763,6.922439611735706,-0.38319777113107545,1.0329176632638684,0.21272532527591814,0.21770822267186876,3.0132576994545563,770.5382114630193
940,0.011578423957717025,6.987465265513955,-0.39619078290396725,1.0063739606202284,0.20790932601162238,0.2125540348050976,3.069496847953359,771.2803445290774
945,0.01616710810275115,6.960166040630452,-0.3907360257474797,1.0440328803082424,0.21294200078974931,0.2179405007396147,3.0552876814517274,771.887246617116
950,0.08146037817832298,6.992171280095037,-0.39713110874926993,1.0459882211353795,0.2120286136196651,0.2169615693805191,3.0885729802061843,772.4515875093639
955,0.10508819566768478,6.943572576851198,-0.38742042555417555,1.0378783924944972,0.20985349161734726,0.21463275284701408,3.02482454369065,775.0264920946211
960,0.2526120068771258,6.90845995900809,-0.38040444600603673,1.0397526174153446,0.20932909429769278,0.21407180184147875,3.0302550453988526,781.7680387403816
965,0.10568105592489176,6.927895957292177,-0.38428802333052214,1.0771368859580397,0.2192554354758059,0.22472352249187466,3.0270656396218714,788.3688833266497
970,0.05359909450458841,6.998647899440035,-0.39842522555561644,1.0299768341452251,0.21090331920487343,0.21575634263310026,3.0842487295648633,793.01415819861
975,0.05575678537013466,6.891173339036064,-0.37695034375931424,1.0659301155309329,0.2170258759197,0.22232479822752269,2.9979419692363387,795.2958985101432
980,0.04912575361213773,6.935927915559294,-0.3858929180491497,1.0462317096423004,0.21323914597660684,0.21825909778392152,3.0653653458523267,798.2342672925442
985,0.028845961268544093,6.947266795295337,-0.38815858074289555,1.017843387417362,0.2094228578265322,0.21417208706080018,3.0332857885116926,800.3583777351305
990,0.048995348753107314,7.033311835804653,-0.405351552429871,1.02458816625818,0.21038598938436695,0.2152025672232236,3.1144821723809355,802.9778682827018
995,0.06432324287237809,7.029904827437229,-0.4046707857284819,0.992958883074271,0.20212806949102557,0.20638810609025815,3.089871342488742,803.695843395777
1000,0.07415895202317564,6.996481881890169,-0.39799242573138605,1.0370626379022765,0.2102459345388434,0.21505267815516987,3.0785731663490417,805.5568188978359
