cq,P1,z,seed,beta_norm_sq,r2_paper,expected_timing_return,sharpe_paper,sharpe_var
0.5,50,0.0,20260906.5,2.2150633600598404,-1.1069086654752003,0.00549569716423689,0.0027630346507480667,0.002761910977015526
0.75,75,0.0,20260906.5,6.871360291115414,-3.3797801257534497,0.033956209872493495,0.009614412718504411,0.009625063848786763
0.9,90,0.0,20260906.5,18.301092376934577,-8.928338646027012,-0.033018722003301235,-0.003765452890445951,-0.003776342842503186
0.95,95,0.0,20260906.5,43.74330026618687,-21.49274244037295,-0.029502982046346805,-0.0037461762305205093,-0.003753586357819142
0.98,98,0.0,20260906.5,128.88038426335658,-63.72212135181958,-0.2759363335597308,-0.02140445497520508,-0.02144487241337249
1.02,102,0.0,20260906.5,144.8725584385573,-71.45788937984409,-0.18449990052266116,-0.006524040335537051,-0.0065502334364976045
1.05,105,0.0,20260906.5,48.7798854269119,-24.87100925230063,-0.18415492370489378,-0.015098168703494475,-0.015104371015293938
1.1,110,0.0,20260906.5,26.037606002189413,-13.169446419416724,-0.035935477591029566,0.0021239131840751677,0.0021263250564937932
1.25,125,0.0,20260906.5,7.625261398523425,-3.748453674155537,0.04436217255659133,0.013847664666061011,0.013862679400086994
1.5,150,0.0,20260906.5,3.7260718602416603,-1.807824281038565,0.046845499526762625,0.01677596022769382,0.01679294940438708
2.0,200,0.0,20260906.5,1.8475624494267247,-0.8379237493025847,0.08132148694480007,0.042771665458672004,0.042841944454648104
3.0,300,0.0,20260906.5,1.0047961690842164,-0.42055489758894166,0.0867002960008956,0.06180698209757603,0.06196149211031615
5.0,500,0.0,20260906.5,0.5022194166650623,-0.16015227594933562,0.09335683221954148,0.09359590446669454,0.09405636527710169
7.0,700,0.0,20260906.5,0.32062583627107144,-0.06447127737774419,0.09758185628957808,0.11979157450648678,0.12074429368531674
10.0,1000,0.0,20260906.5,0.21310085485305588,-0.011133868040540873,0.09568861350118543,0.14334670552560233,0.14496182151754008
0.5,50,0.1,20260906.5,1.2303916093954974,-0.6130745515880337,0.007919082713231473,0.005167676502039788,0.0051671976902168135
0.75,75,0.1,20260906.5,1.7724570042935444,-0.8671825186633069,0.016556966703132923,0.008973029018149444,0.00897858112501151
0.9,90,0.1,20260906.5,2.08266352145145,-1.017390758265932,0.017914808498541865,0.008970228526335347,0.008973216858609367
0.95,95,0.1,20260906.5,2.1351021269011925,-1.040620987277821,0.019331675510661263,0.009212322732191832,0.00921617985972651
0.98,98,0.1,20260906.5,2.163794332303053,-1.0568462930461622,0.015341909238259685,0.007031765848715485,0.007033105453126113
1.02,102,0.1,20260906.5,2.153203112407836,-1.0497907598752492,0.024497364084292064,0.01152942016591715,0.011536341136060885
1.05,105,0.1,20260906.5,2.166699059322356,-1.0579746296294907,0.020091276133651137,0.009112601214082451,0.009120528409716094
1.1,110,0.1,20260906.5,2.195903812313993,-1.0656101766402486,0.03113619687352976,0.014287902015627837,0.014300211244511585
1.25,125,0.1,20260906.5,2.1776392800702755,-1.0467889250390479,0.041272090121353265,0.019119436151872858,0.019145111451291563
1.5,150,0.1,20260906.5,1.9275568614974627,-0.906416675467456,0.04981622345733534,0.02445902566689142,0.024489855752005928
2.0,200,0.1,20260906.5,1.3842366941513,-0.6144431440126145,0.07533081507044966,0.045762250400773585,0.04584349448722555
3.0,300,0.1,20260906.5,0.8757299412012125,-0.3593824766092685,0.08298282775533468,0.06333967005015476,0.06350460330540716
5.0,500,0.1,20260906.5,0.4728499214068977,-0.14756579916253895,0.09109157890964407,0.09410843674859488,0.09457652353884274
7.0,700,0.1,20260906.5,0.30904504180512343,-0.06029257801610688,0.09590313254586544,0.11992325096489682,0.1208793182705975
10.0,1000,0.1,20260906.5,0.20816971660195152,-0.009727273336989039,0.09462516180180344,0.14341544283790686,0.14503270628563447
0.5,50,0.25,20260906.5,0.7623816210826235,-0.3774758793979789,0.007942394159827582,0.006352188651944124,0.006352959350215424
0.75,75,0.25,20260906.5,0.9970188258836071,-0.48383762903598404,0.01515797708249908,0.011052530648286867,0.011060116029567264
0.9,90,0.25,20260906.5,1.1147442576853308,-0.5328626962388446,0.022582279242587208,0.015165234250295404,0.015172928040215753
0.95,95,0.25,20260906.5,1.142394383064956,-0.5473854563293916,0.02139107303421217,0.013904274212750669,0.013912456989633056
0.98,98,0.25,20260906.5,1.1646182113731607,-0.5612311155865722,0.017707808042535668,0.011153000374985891,0.011158616293548324
1.02,102,0.25,20260906.5,1.1716292573436198,-0.5630773212000735,0.0229787590960698,0.014705085333290055,0.014714506098679036
1.05,105,0.25,20260906.5,1.1822978714594299,-0.5694283948196354,0.020726071397910533,0.012874874450750955,0.012883457202342899
1.1,110,0.25,20260906.5,1.2098547166939781,-0.5788810340953179,0.02680009044843319,0.01637595657142477,0.01639076264757365
1.25,125,0.25,20260906.5,1.2336009916442963,-0.582351132688347,0.03603275742156366,0.021901389485051485,0.021932224913043596
1.5,150,0.25,20260906.5,1.2060815694732,-0.552015476926717,0.04563118423608061,0.028407645448346137,0.028447449742230103
2.0,200,0.25,20260906.5,1.0181942284092307,-0.4395723730605,0.06865071521514604,0.048630312902841456,0.04872335687366443
3.0,300,0.25,20260906.5,0.733148275317786,-0.2924429115346173,0.07816195921888543,0.06517683244961422,0.06535502780866582
5.0,500,0.25,20260906.5,0.43413291657280234,-0.1311519024329889,0.08792838615603146,0.09479253636773424,0.09527097999829329
7.0,700,0.25,20260906.5,0.2929719902580319,-0.05455992508943959,0.09350576394555772,0.1201003794538257,0.12106097691637205
10.0,1000,0.25,20260906.5,0.2011200549560206,-0.007742495469485466,0.09307848907565826,0.143512008347563,0.14513228606237355
0.5,50,0.5,20260906.5,0.45878627988349197,-0.2247224838883703,0.007223938096495346,0.007237052591509023,0.007239648611405645
0.75,75,0.5,20260906.5,0.5820231978790085,-0.27872817044938614,0.01352047272930946,0.012767692654444407,0.012776840827310745
0.9,90,0.5,20260906.5,0.6405710716034345,-0.29810399644431235,0.021534905220915408,0.018958737364267307,0.018970850101724387
0.95,95,0.5,20260906.5,0.6595623425120187,-0.3089729328765133,0.02014400345285038,0.0171334963899391,0.017146294654132692
0.98,98,0.5,20260906.5,0.6751841893878185,-0.3189257591163705,0.01728955783019083,0.014287374107043106,0.014297984677455116
1.02,102,0.5,20260906.5,0.6840515440259782,-0.3219440510175863,0.020547410389393242,0.01715617173209961,0.01716973238039804
1.05,105,0.5,20260906.5,0.6928399389370582,-0.3270191019692258,0.0194111309245103,0.01580600070879547,0.015817880344459932
1.1,110,0.5,20260906.5,0.7102101820026214,-0.33298622080788987,0.02289920023909018,0.018220416827027363,0.018238238865013055
1.25,125,0.5,20260906.5,0.7331813275701105,-0.33755244959592057,0.03061487425777636,0.024219510481768847,0.024254502106173807
1.5,150,0.5,20260906.5,0.7505929228145962,-0.33269001830769473,0.03939547064553588,0.031288151618961375,0.03133404275970517
2.0,200,0.5,20260906.5,0.7050932894520001,-0.29214646811409367,0.0604662668523148,0.051454414935959356,0.05156053291456404
3.0,300,0.5,20260906.5,0.5735053608573549,-0.2185910299089075,0.07155448713069429,0.06743501869660284,0.06763085799197666
5.0,500,0.5,20260906.5,0.3807564813499872,-0.10890283725266206,0.08319120445435782,0.09575066861762933,0.09624397655142199
7.0,700,0.5,20260906.5,0.26916790971283405,-0.046224724534534876,0.08979954353182548,0.12034927708902574,0.12131629631748524
10.0,1000,0.5,20260906.5,0.1902153998255855,-0.004736173841493485,0.09062172082463153,0.14365719654002646,0.1452819986085494
0.5,50,1.0,20260906.5,0.23828265392279335,-0.11439612310289198,0.005927225095011342,0.008105238402603536,0.008109928710515451
0.75,75,1.0,20260906.5,0.3022464129240853,-0.14093726942593307,0.01112137197638586,0.014383131371314395,0.014393679560446371
0.9,90,1.0,20260906.5,0.33241441157249396,-0.14814111270248603,0.01778203811840548,0.02162595284236144,0.021642314060047588
0.95,95,1.0,20260906.5,0.34447525612573227,-0.1551769105967343,0.016851749236989375,0.019768116186657893,0.019785701163503342
0.98,98,1.0,20260906.5,0.3535493194545091,-0.1610693318949033,0.015019469223471641,0.017152131773574577,0.017168119228294237
1.02,102,1.0,20260906.5,0.3598002023610347,-0.1630349791333434,0.017009220233254425,0.01954475460489444,0.019563226725284648
1.05,105,1.0,20260906.5,0.3656753076139841,-0.16626917410293895,0.01663135854371662,0.018724875342482218,0.01874186053193238
1.1,110,1.0,20260906.5,0.374881512993387,-0.16935149881797237,0.01842578176668159,0.02025527540131738,0.020277712391004097
1.25,125,1.0,20260906.5,0.391408986416564,-0.17226897276427117,0.024345007481974178,0.026580572864968444,0.026620210099446002
1.5,150,1.0,20260906.5,0.41401141047966217,-0.17413942297457122,0.03137321043718144,0.0338228201387131,0.033873355500809624
2.0,200,1.0,20260906.5,0.4247464437322691,-0.16334875075964378,0.049533927668769365,0.054230903566402776,0.054351672060066414
3.0,300,1.0,20260906.5,0.39195885956353715,-0.13679068430586072,0.06168318910341131,0.07028735187556935,0.0705081198822942
5.0,500,1.0,20260906.5,0.3025055219215404,-0.07726517173056228,0.07527507943895989,0.09718301090753231,0.09769938945520443
7.0,700,1.0,20260906.5,0.23031728209677063,-0.033073878276586255,0.08329569579381288,0.12071442563726334,0.12169101006647662
10.0,1000,1.0,20260906.5,0.17111709559894953,0.00032474522747653054,0.08611303233607068,0.1438979781251351,0.14553025206798356
0.5,50,2.0,20260906.5,0.10519159964789011,-0.04867531806631524,0.00433918719882605,0.008905976157249603,0.00891242487067202
0.75,75,2.0,20260906.5,0.13587264747291536,-0.06010258600794216,0.008260317063908302,0.01579517080614448,0.01580697613499811
0.9,90,2.0,20260906.5,0.15085999328225738,-0.06228178951822325,0.012942601309502385,0.023293813321290265,0.02331355327967079
0.95,95,2.0,20260906.5,0.15743198212803894,-0.06602768783580411,0.012522960266123479,0.021719815107541875,0.021741841943821245
0.98,98,2.0,20260906.5,0.1618529063889474,-0.06900079491029813,0.011509045608142612,0.019445928597258286,0.01946716083648454
1.02,102,2.0,20260906.5,0.16532034129766432,-0.06984511470784924,0.012711269710977222,0.021548261494061378,0.021571691064656957
1.05,105,2.0,20260906.5,0.1684817431015067,-0.0714386664481758,0.012730434720321057,0.021204097989979805,0.021226769671518632
1.1,110,2.0,20260906.5,0.17278575535778168,-0.0728191201994363,0.013571744406906738,0.02212890887773364,0.022156760558554874
1.25,125,2.0,20260906.5,0.18271722905097534,-0.07391257922764254,0.017776369973636418,0.02866244953827961,0.0287069078831166
1.5,150,2.0,20260906.5,0.19857407055332504,-0.07587173505126803,0.022837637189554755,0.0358110211495534,0.0358653298095436
2.0,200,2.0,20260906.5,0.21915082789611962,-0.07298888544936862,0.03705360106196859,0.056335764184075446,0.056469447978871934
3.0,300,2.0,20260906.5,0.22764120382921132,-0.06639073273301566,0.04892883169946673,0.0731295117476318,0.0733792369020326
5.0,500,2.0,20260906.5,0.2081256376771375,-0.04127728167371525,0.06357561803184394,0.09893848991660986,0.09948478285380816
7.0,700,2.0,20260906.5,0.17575335628830446,-0.015795477745633967,0.07296798816921302,0.12111314333134382,0.12210049199025294
10.0,1000,2.0,20260906.5,0.14114391028468548,0.007650557355717469,0.07841567231161144,0.14423473174920579,0.14587732848075224
0.5,50,5.0,20260906.5,0.02784110802486072,-0.011575290466959631,0.0024183516171252034,0.009706638099849844,0.009714578126057015
0.75,75,5.0,20260906.5,0.03713056501535151,-0.013926365481466174,0.004723021378986828,0.017196848452313614,0.0172099535517203
0.9,90,5.0,20260906.5,0.042015688577105616,-0.013716553316229275,0.007179848813126557,0.024451647516170447,0.02447443560081034
0.95,95,5.0,20260906.5,0.04419156476420453,-0.014870510572967155,0.007123175983140542,0.023344642551660584,0.023371463832031866
0.98,98,5.0,20260906.5,0.04551999607303786,-0.015867110736913714,0.00671488916112783,0.021412936588902438,0.021440093061445033
1.02,102,5.0,20260906.5,0.04675118622193596,-0.015958652365788906,0.007299674597682507,0.023283541488194746,0.023312532850862388
1.05,105,5.0,20260906.5,0.047807272261960396,-0.016359106210722073,0.007456999310918505,0.02339048273439416,0.02341955609472817
1.1,110,5.0,20260906.5,0.04916261546781071,-0.016740884656150846,0.007754140187151479,0.023915276063695846,0.02394936174631876
1.25,125,5.0,20260906.5,0.05286646466237851,-0.016347496218094237,0.010117821533581128,0.030595555632421934,0.030645454792501164
1.5,150,5.0,20260906.5,0.05928296369996946,-0.016501884509088315,0.012988646942616634,0.037503466490795716,0.03756223894149029
2.0,200,5.0,20260906.5,0.07083293370373402,-0.013906828692046824,0.02167733419116279,0.05778294680304273,0.05792779447972597
3.0,300,5.0,20260906.5,0.08424834444371385,-0.011800006582234646,0.030827557219831304,0.07571503657642181,0.07599790002312481
5.0,500,5.0,20260906.5,0.09553523089277496,-0.004045773827746535,0.04397090689910003,0.10099530506381749,0.10158012125737678
7.0,700,5.0,20260906.5,0.09508427647424267,0.005739758828542318,0.053696473621189365,0.12129658040592686,0.12228989807951995
10.0,1000,5.0,20260906.5,0.08804341912099797,0.018012972375334314,0.06214768266051529,0.1446559185375456,0.14631066381069618
0.5,50,10.0,20260906.5,0.008695345220560945,-0.002965601838138987,0.0013959766280715988,0.010075420508814508,0.010083976486624836
0.75,75,10.0,20260906.5,0.011834535128075667,-0.003157829758434416,0.0027731420425209895,0.01787135722311034,0.017885109774689344
0.9,90,10.0,20260906.5,0.01356697614805078,-0.002578729292127635,0.004149940181774093,0.024866633189323514,0.024890852037693267
0.95,95,10.0,20260906.5,0.014328025197161628,-0.0029417584556270305,0.004171149577007825,0.024027042482695653,0.024056360418326088
0.98,98,10.0,20260906.5,0.014777598167259934,-0.00334031325793539,0.003972594201575675,0.02223313664096861,0.022263423476008272
1.02,102,10.0,20260906.5,0.015238610963737308,-0.0032617567998638685,0.004294126740524954,0.023993465194501684,0.024025359624557235
1.05,105,10.0,20260906.5,0.015619489218164018,-0.0033359882845785506,0.004425212390811334,0.02430817569518743,0.02434051651613637
1.1,110,10.0,20260906.5,0.016109247017538193,-0.003437349115988031,0.004565903197087799,0.024717218014153133,0.024754458016646882
1.25,125,10.0,20260906.5,0.017499883273673012,-0.0027806830205001076,0.005961511877081946,0.03145067667532021,0.03150340137903797
1.5,150,10.0,20260906.5,0.019995373828270872,-0.002272265410118024,0.007669485888639959,0.03821677475020455,0.038278130452497394
2.0,200,10.0,20260906.5,0.02501852064789074,0.0004467094729879606,0.012988335418445001,0.05816581437064059,0.0583150482891779
3.0,300,10.0,20260906.5,0.03228935210212651,0.0030072306308173923,0.019297534575517323,0.07656727909557727,0.07686555125460959
5.0,500,10.0,20260906.5,0.04192280674844124,0.008374446919085465,0.029376189980300206,0.10186672850486282,0.10247064017936572
7.0,700,10.0,20260906.5,0.04709875728759403,0.013939246168073183,0.037641755374745914,0.1209293028185077,0.12191434000067333
10.0,1000,10.0,20260906.5,0.04916259239285133,0.021855116415631815,0.04647735782944148,0.1447153683810154,0.14637014768003473
0.5,50,25.0,20260906.5,0.00162505655031891,-0.00019568369545858166,0.0006163082015336306,0.010331324686541226,0.010340289227494333
0.75,75,25.0,20260906.5,0.002249860162103324,0.00012065353919114009,0.0012424670378603782,0.018364297588338945,0.01837853588939494
0.9,90,25.0,20260906.5,0.00260879182101293,0.0005531374973252512,0.0018384491938511238,0.025120814156416593,0.025146090271524934
0.95,95,25.0,20260906.5,0.0027639864447001976,0.0005015939476002318,0.0018661094075800404,0.024489260946244512,0.0245204896996217
0.98,98,25.0,20260906.5,0.002854085718201471,0.00038442093950288305,0.0017893163562847972,0.02277921863688081,0.02281189292955444
1.02,102,25.0,20260906.5,0.0029544318929772724,0.00047236304757353187,0.0019272765160182673,0.024455077440619487,0.024489180360326806
1.05,105,25.0,20260906.5,0.0030350078926318995,0.0004981174344902417,0.001998567610312357,0.024918149950522776,0.0249529410241987
1.1,110,25.0,20260906.5,0.0031398946652425055,0.0005017507260054565,0.0020538358749688963,0.02527412128180544,0.02531368649191626
1.25,125,25.0,20260906.5,0.0034410113053199637,0.0009742932417075245,0.002686576643455588,0.03204061414570323,0.0320954921975075
1.5,150,25.0,20260906.5,0.003996196129286482,0.001485198409973898,0.0034674237389862696,0.03870064452911058,0.03876404479050717
2.0,200,25.0,20260906.5,0.005203814369105437,0.003354513285198235,0.005941142100496814,0.05828342253000076,0.05843531515451526
3.0,300,25.0,20260906.5,0.007233089558528881,0.005543439008302764,0.00916326565644976,0.07684815400607992,0.07715596255982782
5.0,500,25.0,20260906.5,0.0106649762292923,0.009565638530397491,0.014864637202999274,0.10221983356553928,0.1028348081954564
7.0,700,25.0,20260906.5,0.013586538616991628,0.013247262306263496,0.02004312629749695,0.1200212761183878,0.12098466137455613
10.0,1000,25.0,20260906.5,0.016295361788106238,0.01857073316955412,0.026696541643072315,0.14434220909434153,0.14598193650642444
0.5,50,50.0,20260906.5,0.00042986308392462257,0.0001056850209748994,0.00031928852258855894,0.010423085310411678,0.01043219323365629
0.75,75,50.0,20260906.5,0.0005992648056456794,0.0003510790397702079,0.0006475732877243935,0.018548213145622834,0.018562636034079448
0.9,90,50.0,20260906.5,0.0006981511659561643,0.0006138752953271265,0.0009542874006912902,0.025206007218774806,0.0252316830344367
0.95,95,50.0,20260906.5,0.000740622387959794,0.0006097393849865962,0.0009722703777257482,0.02465438246862539,0.024686342942728763
0.98,98,50.0,20260906.5,0.0007651550594102816,0.0005608727266781966,0.0009344732203909178,0.022971470693161748,0.02300505356183464
1.02,102,50.0,20260906.5,0.0007933844248240665,0.0006185792562301229,0.0010053069714169092,0.024614606660964496,0.024649551280833275
1.05,105,50.0,20260906.5,0.0008158136724320225,0.0006445460302842765,0.0010449183093343593,0.02513230990355671,0.025168028023900273
1.1,110,50.0,20260906.5,0.0008452047107111232,0.0006576449211939117,0.001072596402761548,0.025475202482631076,0.025515635407769483
1.25,125,50.0,20260906.5,0.0009296650357676587,0.0009444352601311046,0.0014045242977294308,0.03225280757057276,0.03230851082935703
1.5,150,50.0,20260906.5,0.001087052525275632,0.0012787386213398144,0.0018157549259031993,0.03887374125793315,0.03893792675928049
2.0,200,50.0,20260906.5,0.0014395765939854825,0.0024208301210715153,0.0031258678559307673,0.05828629521065304,0.058439033523455676
3.0,300,50.0,20260906.5,0.0020673032265451797,0.0038754272344046713,0.004897039313867065,0.076841906436066,0.07715257526021893
5.0,500,50.0,20260906.5,0.0032307804850120357,0.006594950910165709,0.00818016451020408,0.10222050462751393,0.10283803659843734
7.0,700,50.0,20260906.5,0.0043771878216592765,0.009141158426474071,0.011309491115526588,0.11938381636194037,0.12033202962847589
10.0,1000,50.0,20260906.5,0.0056564497356971395,0.012888174210265358,0.01568436703068561,0.1439290039500728,0.14555354101360043
0.5,50,100.0,20260906.5,0.0001106549931286497,0.00010819682451475021,0.00016259240676871418,0.010470222381627543,0.010479403377479124
0.75,75,100.0,20260906.5,0.00015484044288824407,0.0002554051083685116,0.00033084897840184046,0.01864448653603672,0.018659006866502067
0.9,90,100.0,20260906.5,0.00018085602843305793,0.00040015815269228705,0.00048652595254241487,0.025248631935662912,0.02527451841532128
0.95,95,100.0,20260906.5,0.00019198941533837903,0.00040426766179645356,0.0004966716362453311,0.0247393034063327,0.02477165096640147
0.98,98,100.0,20260906.5,0.00019840529096939349,0.0003826130160395014,0.0004779419794243341,0.023069633101951037,0.023103694858738352
1.02,102,100.0,20260906.5,0.00020591812881886516,0.00041549608540696336,0.0005138578848875896,0.024695339391001887,0.024730728306917804
1.05,105,100.0,20260906.5,0.00021185467645056812,0.00043226627888020007,0.0005347550798054126,0.025241482443125657,0.025277688622309457
1.1,110,100.0,20260906.5,0.00021966425428646407,0.0004421958068906551,0.0005486382545385657,0.02557896596429727,0.02561985271129122
1.25,125,100.0,20260906.5,0.00024210477666310577,0.0006003251862540914,0.0007188840111448132,0.03236211045309051,0.03241825096958238
1.5,150,100.0,20260906.5,0.0002841607736702661,0.0007910461924888646,0.0009302810828138465,0.038962822302253904,0.0390274215860504
2.0,200,100.0,20260906.5,0.0003798404130469232,0.0014251813599396534,0.0016056349643302921,0.058277898777869375,0.05843104280790812
3.0,300,100.0,20260906.5,0.0005556633566050729,0.002269444231987927,0.002537246784365645,0.07680777180634304,0.07711972731354214
5.0,500,100.0,20260906.5,0.0008983098011931371,0.0038810860889745393,0.00431106759321313,0.10217622048719419,0.10279453467078192
7.0,700,100.0,20260906.5,0.0012631703261541199,0.005436904693259026,0.006050734355957929,0.11894198035123063,0.11987975551399917
10.0,1000,100.0,20260906.5,0.001711914100482663,0.00777723964047008,0.00860790254390201,0.14358833456726156,0.1452006763242391
