t,yhat
361,-0.0003984248901038481
362,-0.0005954173072945729
363,-0.004473323869546614
364,0.011938704736331289
365,-0.015189097866444975
366,-0.010729389086482435
367,0.005890744097552982
368,0.005830525293976684
369,-0.02231494890369731
370,0.0038855640978951926
371,0.01175854889054911
372,0.00991772726007101
373,-0.004663590783678251
374,-0.005389850468333894
375,0.008164255332842894
376,0.008023572653326002
377,-0.014332568433890459
378,0.0003160468650497306
379,-0.0033413879982686846
380,-0.022773684779782834
381,0.008023020802011314
382,0.011506190881924061
383,-0.01790396073401435
384,0.026588083190377025
385,0.008982820673603857
386,0.03441077566961381
387,-0.0030556409449213535
388,0.010206659379207774
389,-0.014409619592810135
390,-0.02690760507923044
391,0.0052255162004209215
392,0.0008865878840044488
393,0.012136540680804076
394,-0.016109648184949314
395,-0.00419326627962073
396,-0.000972139705184832
397,0.017821320283384637
398,0.015519910149348653
399,-0.003854832617389607
400,-0.017315052880019503
401,-0.015484274168672863
402,-0.0042755667139135495
403,0.0040050104167783165
404,0.025807895562476587
405,-0.012137655011307336
406,0.006128708088479053
407,-0.012631144978865782
408,-0.0012445439661076813
409,-0.013154096413490456
410,-0.04231116081918085
411,0.0236898101648958
412,0.012794153833138802
413,0.013841961031678979
414,-0.01683697566524679
415,0.0014738345886024878
416,-0.0029535271396925813
417,0.01870682661989202
418,0.0030727991356675993
419,-0.009653818071299404
420,0.006707086030537275
421,0.00035088984669007537
422,-0.022613612658026718
423,0.019536893400590977
424,0.0015639903203360696
425,0.0016746827451262435
426,-0.0039082682641096485
427,-0.010556677801812544
428,-0.0160514664160309
429,0.003749617273062098
430,-0.00460056216054499
431,-0.0014593520205731275
432,-0.008212972981791555
433,0.0018730943757720524
434,0.02254872922329376
435,0.019643032087296248
436,-0.007261716252238266
437,-0.0033359520835988103
438,-0.013726681205413394
439,0.0035126748670510385
440,0.016351664059792347
441,0.019702265114143202
442,0.019824813648349555
443,-0.0031394637335243284
444,-0.008332533162450523
445,-0.012661908516513436
446,-0.005532883627334832
447,0.009184456481829254
448,0.003269813345864829
449,0.0195632833784991
450,0.004670592588641399
451,0.008399272382544384
452,0.00038901309668703046
453,0.008718868913120056
454,0.0009261204301628817
455,-0.00046061432342729214
456,-0.015223857013212529
457,-0.008466083227406423
458,-0.006686278722302985
459,-0.0029981137004764695
460,0.0225044136596969
461,0.0023476870884841915
462,0.006612051630089214
463,0.007273535286040561
464,-0.015522625158590837
465,-0.005607781132942995
466,0.0029978346351485653
467,-0.01958381417477481
468,-0.008523940011104103
469,0.008775595501477216
470,-0.025895615933106714
471,0.02033714052621351
472,0.017225997037597845
473,0.01733640375341881
474,-0.00745874676123351
475,0.0007521315881100923
476,0.00489311377883226
477,0.003844335276443846
478,0.002030981461819678
479,0.001014713945821564
480,-0.0018097206374956566
481,0.006542419352957572
482,0.02626981855556354
483,-0.006345775315448877
484,0.012485289548463396
485,-0.006392844092347424
486,-0.005997937053074776
487,0.003927428248737357
488,0.0037024172012940994
489,0.003241644531840537
490,-0.006281275081246399
491,-0.011624465582068083
492,-0.00575520590268608
493,1.5595924734312166e-06
494,-0.014091818996122229
495,-0.014983240244453777
496,0.0031954453228796665
497,-0.011859106725805505
498,-0.0029174152727187643
499,0.0015600843345019472
500,-0.011239515308487743
501,0.002376261327712543
502,-0.008988413565570615
503,-0.013583549216644196
504,0.017251181526504494
505,0.0007178711310958449
506,-0.008238186418994273
507,-0.0018581266143017398
508,0.0062410021511161195
509,-0.0033483935523941875
510,0.003014377458981574
511,-0.01807923851768217
512,0.008085833139471074
513,0.004233189822064255
514,0.001612202073914743
515,-0.0014169416105829081
516,0.0074411503462538464
517,0.014094053055816106
518,-0.014464317035003544
519,0.019160484083591167
520,-0.00672548929614369
521,-0.001798369433017083
522,-0.01901115504721457
523,-0.027808048915087126
524,-0.010989120406022459
525,-0.016011410084850956
526,-0.016999563630026665
527,0.0048055257101942495
528,0.013282629983231745
529,-0.012746656528867792
530,-0.009077440310835959
531,0.009861192551054011
532,-0.0009319930308273109
533,0.0037124866621270074
534,-0.00602590457537125
535,-0.002169775742487056
536,0.003388455786927648
537,0.019625296494895954
538,0.0003231954927638417
539,0.0012755546537374749
540,-0.005335949529526287
541,0.009132720023942914
542,0.014434346420207791
543,0.008775413305783243
544,-0.003872359509844513
545,0.008108856310045714
546,-0.034180969108874686
547,0.020361721834124293
548,-0.008887821592070381
549,-0.0097651806508736
550,-0.01292123590754433
551,-0.003945510678685922
552,0.01965993971819336
553,-0.011031645212785827
554,-0.004482221254823281
555,0.017180624268736414
556,0.012837494602587573
557,0.0019926604738304027
558,0.010579497223142893
559,0.0013092707637287542
560,0.01682513455600802
561,0.004460410579255638
562,0.005431025992601948
563,-0.020435584274121277
564,-0.04013945998063225
565,-0.0025748895195324686
566,-0.005648193770369635
567,-0.013787130403233157
568,-0.0012569619122278605
569,-0.025597208718138663
570,-0.0009019588645202897
571,0.014829522699114426
572,0.014021427539530115
573,0.0014577871498494942
574,-0.01812753292998177
575,-0.01366610840222276
576,-0.008719154844297519
577,0.011090886195002772
578,0.014452690074358607
579,0.003184179228359559
580,0.018354290018069586
581,0.004342624235812534
582,-0.0058659049039517805
583,0.007500029379609012
584,0.00455272932994132
585,0.028644090204428027
586,-0.0016085779845487428
587,-0.010851947349402567
588,-0.009127217467954137
589,-0.005500961917832347
590,0.005820767992417853
591,0.008681036652198966
592,0.0035748488954481248
593,-0.001119679665543349
594,-0.011332673376575333
595,-0.011962541558878242
596,-0.0024104534734823214
597,0.0053287309691967925
598,-0.006186589788061106
599,0.010827053967312745
600,0.030589546388825325
601,0.0222103523589738
602,0.015679768829920577
603,-0.010657915968664083
604,-0.013747714024176686
605,0.01686171456256222
606,-0.01042592639338368
607,0.006322799103148578
608,-0.013124084914959262
609,0.0029768757192260385
610,0.019040891041810566
611,-0.005614018021081404
612,-0.0057467496301332665
613,0.0028683937979257284
614,-0.010191334355912383
615,-0.018931957531973968
616,-0.016804112033649295
617,-0.0078393903813232
618,-0.006364622167556212
619,-0.0018858378490492905
620,-0.0029369195848406543
621,-0.012350465504318236
622,0.009937402960506868
623,-0.015580584587481074
624,0.036881866307861666
625,0.02862222086504716
626,-0.004414988873206955
627,-0.018865552885819745
628,-0.003685125599450423
629,-0.014201672491733755
630,0.005059270687688702
631,0.006054383496758744
632,-0.013941015015476529
633,-0.0064749386887974
634,0.007158494731894795
635,0.02202613601235826
636,0.010369967010635464
637,-0.0011746701691082388
638,-0.016804151603218066
639,0.004256217609688436
640,-0.019718176027847395
641,0.008976770281516463
642,-0.00023993451849145807
643,-0.013203671201759738
644,0.014184378194884885
645,-0.015634047666194504
646,0.0029936132880842934
647,0.02494014848777398
648,-0.01525847603848495
649,0.01247989320616814
650,0.019369141342231482
651,0.003300209186707141
652,0.013418997483310654
653,0.0023336517740440922
654,0.0002529377701283926
655,0.0058662624105005785
656,-0.018996943801240035
657,0.0005955894434452051
658,-0.012875342823278063
659,-0.0015951947265115441
660,-0.011212685520363124
661,0.03127639152803332
662,0.01660251671187295
663,0.02015953272114504
664,-0.019666927996088962
665,-0.0051329668028628015
666,0.01090900160044888
667,-0.0026753211500157767
668,-0.020151644117833836
669,-0.017781735142456255
670,0.008406978989238808
671,-0.013751139294913948
672,-0.007258472900946139
673,0.017385809664051746
674,0.0031469109668771198
675,-0.015419837465961825
676,-0.009769055683676552
677,-0.004144799454342429
678,0.004215452102387671
679,0.017843612916674065
680,-0.01575219311726162
681,-0.005700497494449828
682,-0.01295465941630543
683,-0.0035327105902888266
684,0.012167018622590833
685,-0.007184518811998492
686,0.01819129271064297
687,-0.006589265982297856
688,-0.019538079293490784
689,-0.001349282394201013
690,-0.0008286649861421455
691,-0.015034077812591617
692,0.029822571504654585
693,-0.01286073563178079
694,0.006506211260559254
695,-0.0029506019063484843
696,-0.03395997460888484
697,-0.002458982623625355
698,0.00337896690390921
699,-0.009708536446230175
700,-0.019597677580433785
701,-0.013154705107134516
702,0.005419670268869294
703,-0.01346911501323615
704,-0.020475400804192686
705,0.012117058829826144
706,0.004204486065782247
707,0.0010782847005800906
708,0.001816025082921403
709,-0.001238395671954395
710,-0.013144161850441293
711,0.01785206046640202
712,0.000788601534482741
713,-0.013496894371065231
714,-0.014708784317624662
715,-0.0026436294204926413
716,-0.01057481181570195
717,0.00593752102223179
718,-0.0049201751870598266
719,-0.0046591197553754495
720,-0.011326748987969454
721,0.006789997654640399
722,0.016189703641879768
723,0.00918504606535232
724,0.0028665392344687478
725,-0.0023651371083888892
726,0.0005391591854471188
727,-0.0038475678428581046
728,-0.022774882129161747
729,-0.00784759719719914
730,0.013152799908097776
731,0.014935312122622883
732,0.0037317759978317327
733,0.005547486239382532
734,0.013467848789178305
735,-0.008684459508757772
736,-0.017322779393031288
737,0.003399471167338666
738,-0.008222396999620636
739,-0.00769400514194745
740,0.008710449041839678
741,-0.0006358388456307057
742,-0.00435566847801997
743,0.003226071497738286
744,-0.0014606480728016655
745,0.004706066699764394
746,-0.008582938286229231
747,0.006097015873709274
748,-0.006554011790355044
749,-0.005014052077749873
750,-0.0269970304498548
751,0.003810938443482436
752,0.0029588052723692713
753,-0.02659392673706713
754,0.010603716816364867
755,0.01453362637422721
756,-0.013574314684156132
757,-0.027327732138981944
758,-0.00670866238788863
759,-0.0060476179748344605
760,0.006240810315158678
761,-0.010661711000377095
762,-0.0017908982882272417
763,0.0046737616925018105
764,-0.010523726652774963
765,-0.006401134799424011
766,-0.012663631129018789
767,0.0002932845510224067
768,0.0105655177738599
769,-0.008622623893706162
770,-0.01983999903156199
771,-0.0002465564656270911
772,0.005983769917125893
773,-0.0077278935920895514
774,-0.001626183607889255
775,-0.0032299199044000977
776,0.009434127830440979
777,0.0069727475782176175
778,0.0012036349880047597
779,0.02463256831303349
780,-0.017301270957421754
781,0.013977986109780493
782,0.017061918842936095
783,0.004497919773746536
784,0.021402640433598786
785,-0.016374600931033774
786,-0.0055412208852901644
787,0.008775030795467537
788,0.004205110306737049
789,0.02200606919501562
790,0.0024219068377903264
791,0.014184394365474964
792,-0.008069488164971923
793,-0.01153827576925465
794,-0.0035317193170687155
795,0.0032142326436349474
796,0.0157960396214305
797,0.0012475308825677215
798,-0.0008128533459008047
799,-0.017553048401109713
800,0.013025795986086663
801,-0.003996844656195162
802,0.00384095720855435
803,-0.008073219154044272
804,0.007224233133322771
805,-0.015481105521015831
806,-0.001017740082510793
807,-0.0018958919171270952
808,-0.0004293937612638835
809,-0.0029297509098854414
810,0.0033510380644660278
811,0.008180170174930392
812,-0.024493414385076483
813,0.02177910509911383
814,-0.004383681830103943
815,0.013547744665838989
816,0.013952030788961716
817,0.004966145448927701
818,0.007523092512354734
819,0.004260465160130056
820,0.014641177347811493
821,-0.011402911711102295
822,-0.021012246046913076
823,-0.0012770914055295374
824,0.00431205264189055
825,0.0035830957725904973
826,0.01290126253610885
827,0.009915831764401965
828,0.0029876295484362685
829,-0.018532482397849707
830,-0.03301759472647635
831,-0.0066049695711892205
832,0.007603689972410841
833,0.0021958258903269426
834,0.007815052167195703
835,-0.01900419278021469
836,-0.007786685694997692
837,0.0013003823311713329
838,0.0002228305108595915
839,0.0049591804737498775
840,-0.024289250472911642
841,0.010968614837163876
842,0.017212068175359613
843,-0.023180785269330918
844,0.014974209274819135
845,-0.01150168266341872
846,-0.008275510212783473
847,0.0017952183065428847
848,-0.009928627503167123
849,0.012897098418857191
850,0.00718915677625338
851,-0.0022838180311182854
852,0.013967768845116043
853,-0.011394214311827152
854,-0.00355226085929176
855,-0.004118411862266532
856,-0.005377003883208959
857,0.003444153759037521
858,-0.008081797657203415
859,-0.004435473340081152
860,-0.01164901431957344
861,-0.010547229068816553
862,-0.015970058586544694
863,0.012117048493966167
864,-0.000679757063135134
865,0.013573166194975877
866,-0.007049351192970177
867,0.021386064075091905
868,-0.0025907010122410857
869,-0.02336932203581529
870,-0.011426658903860847
871,0.006527113796404337
872,0.017792261796482467
873,-0.011151451412876707
874,0.013591990945811901
875,-0.0069245464343406365
876,-0.015595998534298482
877,-0.0020635490136460257
878,0.012873243506208183
879,0.0021524535282105755
880,-0.01908015231014983
881,-0.0006187467065183493
882,0.005574002564064503
883,0.01216638970373026
884,-0.0023899573523001767
885,0.005722301728823197
886,-0.005104632975743297
887,-0.0016397802046753185
888,-0.0002764262706671796
889,-0.004814815561319423
890,-0.005902503227751465
891,-0.005293685583668055
892,0.009882042090234456
893,0.01093053819859998
894,-0.0019799837104893785
895,-0.01688897536017661
896,-0.022365401868953593
897,0.001955108591753965
898,2.247775747444033e-06
899,-0.002894794857410679
900,-0.007083475186788992
901,-0.0027854523991501304
902,-0.011409771907901347
903,-0.016927208975352867
904,0.003408056010365595
905,0.0016984372963051862
906,-0.004829604367548694
907,0.0028734874916288783
908,-0.005580011047781931
909,0.009802288784859923
910,0.0024285902103199676
911,0.023712054523291216
912,0.005753845330595523
913,0.004083407106500107
914,0.010268769776710538
915,0.028601759576178793
916,-0.012537861911159165
917,-0.0005204491917133044
918,0.018941521385404565
919,-0.009904539872719154
920,-0.001188300021070932
921,0.0046828967990295775
922,-0.006395727823911235
923,0.0005513934757542063
924,0.004384591501570381
925,0.008549939855319589
926,-0.02036598664974553
927,0.00014676830898857816
928,0.008972005690799919
929,0.00024247366119607654
930,0.007604027451163711
931,0.014704022925395412
932,-0.006073348112772224
933,0.0037389443524920196
934,0.002861632944078537
935,-0.007981949194717704
936,-0.018427216547387645
937,0.008752019180994323
938,-0.02141411335801807
939,-0.008524784052174704
940,0.0005476750220407388
941,-0.012408101494864314
942,0.0013716759365529458
943,0.015483376818257134
944,-0.010786370249479075
945,0.0031412332834733583
946,-0.008947218194143918
947,-0.019013749817452918
948,-0.0068566539733785825
949,0.0033922132417403402
950,0.005576181943509345
951,0.002113390472020832
952,0.013454871436303669
953,-0.007949830038327731
954,-0.009619071426706398
955,-0.016967308340843965
956,-0.002827258514693892
957,0.009248627121917964
958,0.004387181522578303
959,-0.02420421764514618
960,0.005195459464748021
961,-0.013380501435604727
962,-0.003599178215420394
963,0.000838459588912274
964,0.00039011971778487925
965,-0.006766275248032528
966,0.020265128388298508
967,-0.005771895588649223
968,-0.012884283262818878
969,0.01127890345988998
970,-0.004527154548740877
971,0.004015275416933664
972,-0.009148307306091228
973,0.016969560836032845
974,0.003870217898113113
975,-0.008104898500117336
976,-0.005776744329092653
977,-0.02382916034364186
978,0.003570196336475623
979,-0.006956757971559506
980,-0.01804417518840752
981,0.01928868130827775
982,-0.0036097226115475167
983,-0.0038980768468408313
984,-0.0016669165032721582
985,-0.0009158379055133099
986,0.011520663176484577
987,0.03047587340698965
988,0.012521477612135616
989,-0.0029458006000439535
990,0.0010875098219780691
991,-0.00401152757937233
992,0.007482458750765302
993,-0.002458597618777676
994,0.0018480937707987845
995,-0.007491646998863153
996,0.002003538923944377
997,-0.016363793385759016
998,-0.0030124736734982904
999,0.005273327241573759
1000,-0.0009612927755509134
1001,-0.0069670266862034156
1002,0.0008372330579369119
1003,-0.012581559699251493
1004,0.00197391258013109
1005,0.003114730850706746
1006,0.004335839589260034
1007,-0.01646046658951691
1008,-0.01757023599005554
1009,-0.01350367233359909
1010,-0.007312767088822141
1011,0.0007466737605100649
1012,-0.0009968303766381829
1013,0.031193961347708788
1014,-0.018992398846403698
1015,0.028414490788380098
1016,0.004097918632746953
1017,-0.012277618562071699
1018,0.010066043105073193
1019,-0.010280650523720236
1020,-0.017271929577510732
1021,-0.007589555410520302
1022,0.011858493896097158
1023,0.000607189775637319
1024,0.008536228503720713
1025,-0.0020139136038181417
1026,0.0032430768476060905
1027,-0.003610312641246992
1028,-0.001896447469115126
1029,-0.01390756985731444
1030,0.002774828008820173
1031,0.000843289138518068
1032,-0.003630525985731511
1033,-0.002458697370062416
1034,-0.010903477099076913
1035,-0.015218037670243604
1036,-0.007096441997329653
1037,0.002982843770051745
1038,-0.006758020505831033
1039,0.0057801447716984145
1040,-0.008366985880495788
1041,0.017648479519063967
1042,0.0034731712317393132
1043,0.008162369227976713
1044,-0.012626633207347932
1045,-0.029490887960228158
1046,0.026372057047196768
1047,-0.015403031709777084
1048,0.018076740117199414
1049,0.008939253713868485
1050,-0.02053712844742526
1051,0.025302036659015956
1052,-0.031063756478316693
1053,0.0024407785695580624
1054,-0.02035305507082059
1055,0.016734692924622596
1056,-0.010869423802618404
1057,-0.001871929526804104
1058,0.005349351977799648
1059,0.017860304626132698
1060,0.014950265902616874
1061,-0.009178553108125912
1062,0.009757696426439979
1063,-0.021658297503758257
1064,0.0031777148995611785
1065,0.012146299551995041
1066,-0.003007434673420052
1067,-0.015803649907650822
1068,0.01968795443668454
1069,-0.0005856827596545204
1070,0.007022984099326924
1071,0.019946621717207423
1072,-0.006919657853522166
1073,0.005989306003419913
1074,-0.017543311333047814
1075,0.008156691525068583
1076,0.009012313810569696
1077,-0.01952406963962029
1078,-0.010506624046726623
1079,0.00020802003384740183
1080,0.012691658909893714
1081,0.013622437129865054
1082,-0.01647088801581377
1083,-0.011920235635541109
1084,0.00451139087932259
1085,-0.012791931665085108
1086,-0.015877261588797438
1087,0.007196635058092015
1088,0.009193438779584112
1089,0.019483398382382503
1090,-0.02042138073055049
1091,0.004926293053742199
1092,0.017917136284938684
1093,0.019861713264665765
1094,-0.029373995901773288
1095,0.001707589545492672
1096,0.004151235718151811
1097,-0.01626968646170799
1098,-0.007426003172769
1099,-0.010409611919983295
1100,-0.003792597924837098
1101,-0.010992321223882884
1102,0.0027514279912685554
1103,-0.03080007405416972
1104,-0.0024573508089995736
1105,0.014557108774783497
1106,-0.0029219811260440026
1107,-0.0045896430821527195
1108,0.0019554962302144588
1109,-0.007256849540083486
1110,-0.03167856283756989
1111,0.0013708829729567578
1112,0.0071687035786722015
1113,-0.002618548505101101
1114,-0.011149177786259196
1115,-0.0003003436393856754
1116,0.023839761514965942
1117,-0.023674289125480332
1118,0.0030852953759983866
1119,-0.004060112954326056
1120,-0.004961882382908872
1121,0.003850660120447948
1122,-0.004865991216148249
1123,-0.0064367220654832445
1124,0.0012441494994092465
1125,-0.007178486005105335
1126,0.011148714261011234
1127,-0.0003035572082894571
1128,0.005009021286058319
1129,0.01642447822208517
1130,-0.004351161133582602
1131,0.003348043415462627
1132,-0.002067292807374018
1133,0.01633194828980423
1134,-0.0018224622590039478
1135,-0.002184630095525623
1136,-0.007821357634095846
1137,0.003070384905069942
1138,0.009283630009812915
1139,-0.0018126173537074254
1140,0.021091678478041866
1141,-0.007559517098967067
1142,-0.00010590282982076904
1143,-0.006216162808243528
1144,-0.0018233539824894752
1145,-0.02181342803080017
1146,-0.001458133173037624
1147,0.00645368074517355
1148,0.00020269358057991015
1149,0.015847953278598146
1150,-0.009429152137732263
1151,0.002616342947158977
1152,0.006466272214428842
1153,-0.014352925793596436
1154,-0.020985741644105903
1155,0.008914572363291937
1156,0.006922321481318386
1157,0.015278477250208155
1158,-0.006959945531807728
1159,-0.007674321239757303
1160,-0.0008826534541336987
1161,0.007441740613632322
1162,0.002666551797679458
1163,0.003981133339110309
1164,-0.0036186658784716787
1165,-0.010626347062020857
1166,-0.00570044173758535
1167,0.020487692612618694
1168,-0.025868747298784602
1169,0.03655365485836895
1170,-0.01786716693627908
1171,-0.00823928410010237
1172,-0.001871060957813634
1173,0.003293639675480076
1174,-0.005082964250052695
1175,-0.019151196540472655
1176,-0.01238243312530872
1177,-0.0010079907713935914
1178,-0.01190487843022875
1179,-0.013139885862673562
1180,-0.01927980126357939
1181,0.03082719352958993
1182,-0.009392609825042749
1183,-0.0009225466242903621
1184,-0.0038014822266483153
1185,-0.02181486894919405
1186,-0.02266164279157393
1187,-0.014644542603526177
1188,-0.005116314001967689
1189,-0.008740738726719278
1190,0.00046462074463534466
1191,0.002895133354284607
1192,-0.019112588817693402
1193,0.007556971584650873
1194,-0.014677310485521719
1195,-0.019956473473192102
1196,-0.0023000983251934863
1197,-0.003997026102868999
1198,-0.004033082007686543
1199,-0.00914863189695216
1200,-0.006193789846713781
1201,0.021643118365593916
1202,-0.0009818334755284524
1203,0.013173115965565488
1204,0.02313718904845242
1205,-0.0214222624932546
1206,0.0011490924189282643
1207,0.0032359540309658133
1208,-0.004396344557213141
1209,-0.008701820923810992
1210,-0.01350383632823633
1211,-0.011352850901836607
1212,-0.021573999799536184
1213,-0.007054570183259453
1214,0.009075989273021754
1215,0.014441168563522637
1216,-0.012877583940946225
1217,-0.00018497734640963458
1218,-0.024792839482750326
1219,0.02894206948170986
1220,0.023417641958242922
1221,-0.002024774390523182
1222,0.030255949923871105
1223,-0.022491601547181623
1224,0.0020598239870941613
1225,-0.004844636062446075
1226,-0.015781854693190173
1227,0.01258091763986469
1228,-0.004105917535563134
1229,0.023118786796032374
1230,0.011753899782502925
1231,-0.010952915858392797
1232,-0.023584917476472348
1233,-0.0032873226839941353
1234,0.031113880420212195
1235,-0.01317989813062097
1236,-0.00822191695307252
1237,0.01260199982127477
1238,0.04443505503050005
1239,-0.02371927277452198
1240,0.01088576368121332
1241,0.003984555642519648
1242,-0.02061981365844362
1243,-0.020160040080822395
1244,0.010408004768655294
1245,0.0016599539507147962
1246,-0.013294308095209971
1247,0.0011074188107062864
1248,0.009733146043933135
1249,0.010815003534932923
1250,0.004717995023166449
1251,0.014808086764159695
1252,0.010023906852277688
1253,0.006501867602219195
1254,0.005292120388460836
1255,-0.01777578347974295
1256,0.0068610946149686314
1257,-0.00997733848715913
1258,0.008408340213741677
1259,0.00490826951429136
1260,0.02685071011974141
1261,-0.009707751907327962
1262,-0.0053946145427763844
1263,-0.012241550540802105
1264,0.007955351233925757
1265,0.022779371690506162
1266,0.007768185786227797
1267,-0.015610185885381517
1268,0.008282439700223588
1269,0.008564711490152565
1270,0.010076942178177496
1271,0.008130859707869035
1272,0.004099633926702962
1273,0.03235649575109786
1274,0.017663813570692504
1275,0.0014409815968951507
1276,0.01018999749160541
1277,-0.023001126846262702
1278,0.007492092071121148
1279,0.008885532505007843
1280,0.01605166682742988
1281,-0.02049609031767707
1282,0.010813239269851446
1283,-0.01770642917524358
1284,0.022512044335605635
1285,0.0017764590221938919
1286,0.0041153148465896865
1287,-0.004624417041450585
1288,-0.010085272993140356
1289,-0.02070123622489178
1290,-0.002018919311121427
1291,0.017605905019695754
1292,-0.00515150512019584
1293,0.0042092147024599584
1294,-0.0127414488191666
1295,-0.006466197582159161
1296,0.012619354466662297
1297,0.02480136517680575
1298,0.004194303687427997
1299,-0.026266935679246872
1300,0.006283121275249409
1301,0.00017364670785430735
1302,-0.006393947919877276
1303,-0.0022441765529710354
1304,-0.02024348433566039
1305,0.012407889894575629
1306,0.0009107784937460752
1307,0.008261849080851239
1308,-0.03255654834564748
1309,0.025067226798522118
1310,0.006309024420092461
1311,-0.011984440854597414
1312,0.0025960624914222333
1313,0.00511191150906235
1314,-0.014079521380846864
1315,-0.015871313815298087
1316,-0.001746589224888311
1317,0.011929559303495747
1318,-0.004526550962294537
1319,0.012108385024373376
1320,-0.009165951577147084
1321,-0.005746996745772575
1322,-0.007314163074399503
1323,-0.009162858309683393
1324,-0.0012703770622342879
1325,-0.011997109575236415
1326,-0.00016376168866971618
1327,-0.02556448135185039
1328,0.01294474871233726
1329,-0.00875592285770206
1330,0.015574805512057636
1331,0.001777009717051279
1332,-0.010736260995155332
1333,0.007076801395523067
1334,0.004395726581032825
1335,0.0015627489504695254
1336,-0.0058414259947054525
1337,-0.023478757816395045
1338,-0.005167079831005364
1339,0.024408620953040108
1340,0.00320466116102652
1341,-0.00036442930408530163
1342,0.012309457352127146
1343,0.00024410802123314248
1344,0.02731373305572183
1345,-0.024416573495421333
1346,0.025703017181288042
1347,-0.0252591214343366
1348,-0.007439226065385092
1349,-0.015158053480434523
1350,0.005629299617548423
1351,-0.009346647642461587
1352,0.002930981501993082
1353,-0.008390410662602637
1354,-0.013795705840940031
1355,0.013326254270844726
1356,-0.011020783893299182
1357,-0.0288111909972677
1358,-0.0022768612510084157
1359,0.01498187352969089
1360,0.016624328350564606
1361,-0.009157182522145556
1362,-0.014271773049440923
1363,-0.009592423805425715
1364,-0.011813195190307237
1365,-5.193346349895957e-05
1366,-0.005840888994305504
1367,-0.005436191533111861
1368,-0.008488406894833852
1369,-0.0030742321366578093
1370,-0.027408936357604618
1371,-0.01456886544207091
1372,0.007684605833557973
1373,-0.01902248563947387
1374,-0.0011337906221522683
1375,-0.00046322272832419274
1376,0.016124774897201065
1377,-0.0018763179385179545
1378,-0.006456026402465409
1379,0.02292821323562995
1380,0.0021920457009744904
1381,-0.001496959865940948
1382,0.014685994035032875
1383,-0.009874379400122639
1384,-0.02811991629965722
1385,-0.0043524261822354806
1386,-0.010104524271862566
1387,0.004943096966389868
1388,-0.001192677666502962
1389,-0.007602966185253686
1390,0.008387572930206949
1391,-0.001635143646702072
1392,-0.018226385101842008
1393,0.002342049848597786
1394,0.0033100971713760996
1395,-0.01710498391402126
1396,0.01434544850852635
1397,-0.028105128556334215
1398,-0.0027531695782690817
1399,0.0013547225032717392
1400,0.000596315241257074
1401,0.002974814195427944
1402,-0.011831349958825581
1403,0.02360726322047078
1404,0.015638080437651313
1405,-0.013324165013784502
1406,0.009919453286512404
1407,-0.0017384834268205918
1408,-0.00789692532777277
1409,0.017471909762057477
1410,-0.012650095940419076
1411,0.022534971901305552
1412,-0.0018636965876556023
1413,-0.011295518573573015
1414,0.010018064642029504
1415,0.0030327283066256543
1416,-0.0077504474931102225
1417,-0.013884271992950297
1418,-0.014364164944457938
1419,-0.005186819211186934
1420,0.0015647868863680613
1421,0.002614640277361797
1422,-0.013511634125785385
1423,0.006047979916398136
1424,0.002012357487345876
1425,-0.00914246982660241
1426,-0.013216756214168774
1427,-0.011320922319195629
1428,0.02060650640154654
1429,-0.0016189081377188082
1430,-0.0018522255964925447
1431,-0.014944816977663441
1432,0.008531163568318265
1433,0.010890778329115555
1434,-0.010760570758171877
1435,-0.006475497672238354
1436,-0.02126748319197501
1437,0.001516250474683792
1438,0.01743376205262273
1439,-0.006976536580844896
1440,-0.002738125341487125
1441,-0.02370509843363298
1442,-0.016598239563943667
1443,-0.008883641676517031
1444,0.011481184261800054
1445,-0.021073911310285683
1446,-0.021915270639223973
1447,0.002777546349242647
1448,-0.0030368766138255234
1449,0.012680733742594595
1450,0.017405081926413782
1451,-0.00837822516493844
1452,0.02482529991079616
1453,0.0071350239843071496
1454,0.009812326120089384
1455,0.016916633830970446
1456,-0.007615205755170485
1457,0.010121056392148808
1458,-0.011364253778419169
1459,-0.0068240181075997644
1460,-0.004386848728074301
1461,-0.02779543596839239
1462,0.002944183025417431
1463,0.011912545656918749
1464,0.0008534007387258657
1465,-0.001719305382176555
1466,-0.006370951507225552
1467,-0.005367808200399883
1468,0.012198749562683877
1469,-0.005363764701581015
1470,-0.015339217103240549
1471,-0.01665999229428355
1472,-0.0007572715221800463
1473,-0.01318684445780897
1474,0.00986216479014694
1475,-0.01090446697886051
1476,0.01433346326426732
1477,0.008915745864108203
1478,-0.0007383576782604398
1479,-0.002053753579151753
1480,0.0031507123545704684
1481,-0.011739760093850013
1482,0.006707958507374962
1483,0.020780349009044012
1484,0.001045458130257463
1485,0.01150676947564187
1486,-0.006757867736795503
1487,-0.006457654029538057
1488,-0.012725804144542165
1489,-0.01843312753208941
1490,-0.008758838997419905
1491,0.024719541683279198
1492,0.006549408969255349
1493,0.0190456812618674
1494,-0.01066924635298787
1495,0.01092245509389667
1496,-0.010357839052218716
1497,-0.023795006540995495
1498,-0.010119744265129947
1499,-0.01566325135492631
1500,-0.0023983505437618225
1501,0.027403434658693087
1502,0.012331550464313938
1503,-0.012931886918792185
1504,-0.0054712839739635265
1505,-0.003072886955039861
1506,0.0036332175091326755
1507,0.0007284483947045731
1508,-0.013561611349365897
1509,-0.006410976459434921
1510,0.0005993587209015776
1511,-0.003328880890621911
1512,-0.004363843749216669
1513,0.014234037720035777
1514,-0.013266286828605497
1515,0.030460320188571404
1516,0.013979049189455688
1517,-0.020761939478243417
1518,-0.009913326051986452
1519,0.003571975663946692
1520,0.015493974051535742
1521,-0.016577298022454806
1522,0.007852346780047098
1523,-0.004535071211125568
1524,-0.01812422799265227
1525,0.014676284226254726
1526,-0.012501206714059993
1527,0.0052462830031622205
1528,0.010828434496315082
1529,0.00956733414830948
1530,0.02755142034363639
1531,0.018861678592308806
1532,-0.02473631876363141
1533,-0.0072630891202633
1534,0.005713707751421735
1535,-0.016670739098892277
1536,-0.01132732299422329
1537,-0.01658628056015245
1538,-0.005126895586482668
1539,0.0073745826537193184
1540,-0.011808448339074195
1541,0.015879600238757608
1542,-0.019163521097668317
1543,0.00562846738966182
1544,-0.00851506288417379
1545,-0.01159598908752174
1546,-0.01949226972569457
1547,0.013918916754702354
1548,0.0006200958865500611
1549,0.006609002605211139
1550,0.00020958552731297522
1551,0.004974963596144597
1552,-0.0037137195154111364
1553,0.01175723565578389
1554,-0.022172562948157625
1555,0.01416736156240623
1556,0.007143948762240092
1557,0.021779997498451477
1558,-0.001900156964377859
1559,-0.009945709062892525
1560,-0.016405576563595016
1561,-0.00571987210919351
1562,0.004207301127430064
1563,-0.011743673801964836
1564,-0.020870243562117856
1565,-0.012680308248080712
1566,-0.006213839171000646
1567,-0.021992476714382248
1568,0.010157525254679117
1569,-0.0053859870700274275
1570,-0.005123763587009211
1571,0.019243199942136264
1572,0.004139472800457463
1573,-0.011041602078035095
1574,-0.02503244594119463
1575,0.0021079330386348945
1576,0.00339611629398152
1577,-0.007582296665573023
1578,0.03903793066731597
1579,-0.011062279058655158
1580,-0.006610510228595955
1581,-0.009965883279842706
1582,-0.004067511427522166
1583,0.004939940378031034
1584,0.02409563840081422
1585,-0.00015298800328641493
1586,-0.0032823681074121086
1587,-0.015723311328741576
1588,-0.01712264009558135
1589,0.011498207054800745
1590,0.005671194215250739
1591,-0.0018294456779494371
1592,-0.025310425611864196
1593,0.005248055490303949
1594,0.003706356654910856
1595,0.03155785687567756
1596,0.004465883228591052
1597,-0.012264712901816629
1598,-0.0011373473496170486
1599,0.014324583206454806
1600,-0.030282957304227733
1601,0.012039877074497498
1602,0.004539524333938495
1603,0.0069540972509068355
1604,-0.006117606271449492
1605,0.018785587514197035
1606,0.01790402564141966
1607,-0.00197785520082744
1608,-0.012447443508326203
1609,-0.022804603601896345
1610,-0.008610665116598979
1611,0.007543430473208509
1612,-0.012943691168908993
1613,0.006151163932076719
1614,0.007871344285094577
1615,0.0037734478794261904
1616,-0.008064619108676091
1617,0.011811813516633586
1618,-0.0030757144199614777
1619,0.015764699655560897
1620,-0.01747846584120835
1621,0.009668642608633139
1622,-0.017094391332844367
1623,0.03866547672942698
1624,-0.013164412653975369
1625,-0.013431180559823681
1626,-0.006124072838524514
1627,0.014342231432434835
1628,0.005303427617480661
1629,-0.006297065058866131
1630,-0.003349157570446915
1631,-0.019053153516070072
1632,0.009628170680704354
1633,-0.010864561994354885
1634,0.004390096260821242
1635,0.00031106358250827646
1636,0.0018554573828819814
1637,-0.020873678363309184
1638,0.004999168216856844
1639,-0.009594300683051388
1640,0.011595219439650207
1641,0.022191891614151523
1642,0.021421726245286224
1643,-0.0184412518892836
1644,0.006348658591453921
1645,-0.010082807047394662
1646,0.0005764043686934502
1647,-0.00015033344370327895
1648,0.008612103041071916
1649,-0.017174990302331862
1650,-0.018089826150282255
1651,-0.017778577509410122
1652,-0.0030430782871866285
1653,0.00844525427737101
1654,-0.0012151712145910423
1655,0.008221366890728363
1656,0.007901015290742093
1657,0.001673396583908425
1658,0.003239890756670492
1659,0.012690847761299582
1660,-0.013912829020572446
1661,-0.00316340345127252
1662,-0.002965892126291569
1663,-0.01060868778962322
1664,0.0024175923451579986
1665,0.004301619721941729
1666,-0.01605800619368126
1667,-0.004508089902136667
1668,-0.008356858222247122
1669,0.006619988088407087
1670,-0.010785910271894957
1671,0.01124213779374452
1672,0.005480937930056505
1673,-0.021705367471132157
1674,0.006636584954015102
1675,-0.026072171620665923
1676,-0.0006541159092344314
1677,-0.001127203687500462
1678,-0.024473991343511498
1679,-0.006461143799243507
1680,0.0025372352786113186
1681,0.023140683067263173
1682,0.01369564277493709
1683,0.01155704955785732
1684,-0.020024544070854074
1685,-0.015317504761996675
1686,0.012100362290298056
1687,0.0015277041940089985
1688,-0.0054565903186109006
1689,0.0140215710095568
1690,-0.016731154972103066
1691,-0.005264498332873237
1692,-0.012942317354837581
1693,-0.017550999362043657
1694,0.0072156817670367005
1695,-0.035929716859652995
1696,-0.005558543826790185
1697,-0.004824019037613028
1698,-0.02331696542875755
1699,0.0014101754175444095
1700,-0.009489516009279718
1701,-0.0067928611465081345
1702,-0.014132621397833802
1703,-0.00043757177615097025
1704,-0.029740381203723864
1705,-0.003635895459296216
1706,-0.0030889770129724752
1707,-0.003033914644737632
1708,-0.003353221510809599
1709,-0.008739214471700264
1710,0.02245078908510785
1711,0.0014870764673098156
1712,-0.007393175386671178
1713,-0.011962648165178938
1714,0.0031106017088497243
1715,0.006382953354966194
1716,-0.0016961823486130114
1717,-0.009910731402026864
1718,0.016928698430019408
1719,0.011512746474330643
1720,0.014852501369677827
1721,0.0008357684880245875
1722,0.010229549917595008
1723,-0.011064140649991451
1724,-0.00028603187387936927
1725,0.0039155260057544584
1726,0.02281826831689313
1727,-0.016566049444261856
1728,-0.003934096810278231
1729,0.014225792731833732
1730,0.005225690282550837
1731,0.0010091184890492098
1732,-0.0025837939820655075
1733,0.010571753932825405
1734,-0.017242657016562645
1735,0.016818003368952384
1736,-0.004046750162311125
1737,0.006388727729350094
1738,-0.006961429740019336
1739,-0.00920359055781173
1740,0.015689470759901448
1741,0.00033648118358979974
1742,-0.01871466229060191
1743,-0.005658558408305479
1744,0.008892911581089902
1745,0.01898917905195152
1746,-0.011030265526228128
1747,-0.009542000351772129
1748,0.0004344037511793425
1749,0.0024004796054475108
1750,-0.017839244782053114
1751,0.003112101386466298
1752,0.013422112779275694
1753,0.0005120617511956301
1754,0.011005051590731106
1755,-0.012938102831265766
1756,-0.007904340975495692
1757,0.021777995141873455
1758,0.004133265883029415
1759,-0.008484345385239535
1760,0.002992886754088285
1761,-0.007371514737754036
1762,0.002936919071723703
1763,-0.014808609875269628
1764,-0.005391363094515099
1765,0.015802770854127332
1766,0.0010525775487793556
1767,-0.0029895784920016444
1768,-0.004401094119973374
1769,0.006393657179166763
1770,-0.010207328322915135
1771,0.009870182024091234
1772,-0.003735942248208947
1773,-0.02084270780830095
1774,-0.004401209738187179
1775,0.003465525758838253
1776,-0.018418161686381555
1777,0.0010708306120186563
1778,0.012605446732760298
1779,0.004362278918485168
1780,-0.0003123745987567605
1781,0.009810835796679233
1782,-0.017085023721810266
1783,0.008871636680670114
1784,-0.004762065853912875
1785,0.023809804430660917
1786,0.002606758044067629
1787,-0.006304298480064288
1788,-0.01923191427399164
1789,-0.02228935016274408
1790,-0.008684765976143602
1791,-0.009946435772443493
1792,0.019208983669223613
1793,-0.010262021226981383
1794,0.001399738296450713
1795,-0.010644339240512184
1796,0.008195682998902427
1797,-0.021477162031612547
1798,-0.00328151203573923
1799,0.003138354549720627
1800,-0.0046390915544397395
1801,0.004190176944345524
1802,0.009397573687424748
1803,-0.0014525238581154893
1804,0.002500336613732352
1805,0.010163375361384052
1806,0.002577440119008748
1807,-0.007727221014851846
1808,-0.0229824224664237
1809,-0.022345486510914215
1810,-0.0011703989124812022
1811,0.007437836857869693
1812,0.005947880943652843
1813,-0.0028837072263512512
1814,-0.006697073803727976
1815,-0.018928918540041625
1816,-0.00010208389251159401
1817,-0.02555339502359282
1818,0.011974003765438763
1819,-0.02982496497091418
1820,0.01426661488672823
1821,-0.0039701556321363966
1822,-0.011090145043043256
1823,-0.021800524590945933
1824,0.017385574542405916
1825,0.012351003256395772
1826,0.00299523075834605
1827,0.009455593883968334
1828,-0.0001995558767934407
1829,-0.003540888624041598
1830,-0.009683226670579378
1831,-0.012380276096877897
1832,0.01650274286747628
1833,0.008554331464563563
1834,0.00021648739412031314
1835,0.028917219801997383
1836,0.019149589808191293
1837,0.0031391482428160073
1838,-0.014808499729089321
1839,-0.028029453719265008
1840,-0.011913696741064947
1841,0.004392121055767336
1842,0.02166447737365188
1843,0.011613439383012602
1844,0.008276145204743764
1845,-0.008140501248339935
1846,0.004712225616727093
1847,-0.015560362542384498
1848,-0.01614639741815534
1849,-0.009563961991396728
1850,-0.0020966004013078855
1851,0.01489718657583454
1852,-0.00783888254008914
1853,0.013208199496155175
1854,-0.006175471640468004
1855,0.01241544205785619
1856,0.0010642763571804767
1857,-0.004171974217749148
1858,-0.014834446443177158
1859,0.02013978487451493
1860,0.012744700847252707
1861,-0.0005978982562830224
1862,0.004877584836578316
1863,0.0021378472500692947
1864,-0.025550336402707475
1865,-0.006038420419604803
1866,0.02299650410772568
1867,-0.01982961034375276
1868,0.002373232871954579
1869,-0.01688309223258938
1870,0.026503617952818838
1871,0.00654900278250554
1872,-0.01095997339073905
1873,-0.005846615036816845
1874,-0.004546745827260674
1875,0.011312094791277951
1876,-0.01282100012692101
1877,-0.00473967221652875
1878,-0.005555734624800157
1879,-0.00756781810307571
1880,0.016633596147269496
1881,-0.003111500372580775
1882,0.006999286447190427
1883,0.020024673258292613
1884,0.00544512493990534
1885,-0.0013528289386150122
1886,-0.001955715830421566
1887,-0.0065930647456940656
1888,0.002491442716255745
1889,-0.010275081525115339
1890,0.009362433015258263
1891,0.008425249950447765
1892,0.009405454841875978
1893,0.023610430979122337
1894,0.011559070050298242
1895,0.0052194736469085
1896,0.0023155253648810595
1897,-0.004572679097777469
1898,-0.004438531278142988
1899,-0.004016206005136876
1900,-0.017729046684050172
1901,-0.0005292336408249614
1902,0.008358217659449909
1903,-0.018789400428302704
1904,0.015731022514029414
1905,0.02535081875052529
1906,-0.04536427418715189
1907,0.0037979956997034846
1908,0.017873217050208032
1909,-0.0016684936279493137
1910,0.00012795864623614566
1911,0.019643211451023868
1912,-0.009777182690128106
1913,-0.002855313460986163
1914,-0.015805637849949532
1915,-0.005986316336458583
1916,0.006438234786372176
1917,0.013318542846052153
1918,0.009912978263470724
1919,0.002339881648707947
1920,-0.0014204895250734908
1921,0.008721517911581881
1922,0.004456445463311962
1923,-0.0023452540319529908
1924,-0.0246840862898721
1925,0.006139185639864181
1926,-0.005585478223582197
1927,-0.0007112153449597817
1928,0.009262753900898877
1929,0.01623074022393823
1930,0.011380929480191333
1931,0.00787674024666974
1932,-0.006994285080715018
1933,0.012060371064639204
1934,0.01834990590790826
1935,0.006624692554118512
1936,0.011217020454703764
1937,0.01479050499635278
1938,-0.0026144381946914545
1939,0.019120890331553675
1940,-0.014335360291697687
1941,0.001921793763694947
1942,-0.01965352997339806
1943,-0.007853027758124782
1944,0.0033837803880130803
1945,0.010236078519546745
1946,0.017282948899514414
1947,-0.019771308394508563
1948,-0.014124932062776518
1949,0.013614295177675973
1950,-0.0033204080666027207
1951,0.015208563841223086
1952,0.007513930499480222
1953,-0.00041727952457451236
1954,0.004915667522390125
1955,0.003088336415539551
1956,-0.00520470518863299
1957,0.011774353959136586
1958,0.026223995383777992
1959,0.013823953282521485
1960,0.0014772463721436232
1961,-0.017668846443576785
1962,0.008199478914247882
1963,0.019465142390949458
1964,0.0010452953622870752
1965,-0.014898709475463316
1966,-0.014232422132413948
1967,-0.00910054323721887
1968,0.0012129707012048998
1969,0.003645820578663633
1970,-0.0047308901585088065
1971,0.012066620492931108
1972,-0.02263859325343689
1973,0.00911462016406084
1974,0.0076086802963429845
1975,-0.01496470649601406
1976,0.03789599433668197
1977,-0.008323694212557083
1978,-0.0033874906450234907
1979,-0.026674587650501545
1980,0.006611552893278629
1981,-0.024444199836381218
1982,-0.01344009960900051
1983,0.0194439900697661
1984,0.005242010185457748
1985,-0.0034286382516614663
1986,0.013832843796235155
1987,0.0005750094206227589
1988,0.009802019455791539
1989,0.01095443626478512
1990,-0.015408547830554667
1991,-0.0041807549961983366
1992,-0.015311883740790394
1993,-0.0140821378504762
1994,0.0117979587869931
1995,0.018802162875222808
1996,-0.007478322525201362
1997,0.002369203552466366
1998,-0.006076035852637758
1999,0.007497746162099591
2000,-0.026441027540425755
2001,-0.030400405638679205
2002,-0.00651031524058807
2003,0.008455954086580494
2004,-0.03064128220281854
2005,0.005599820632227305
2006,-0.006061418239112619
2007,0.008114214062731672
2008,0.017394571769121726
2009,-0.01227766548919926
2010,-0.008827589449135828
2011,0.029776949017345837
2012,0.0066730770098125764
2013,-0.002934087683833216
2014,-0.01586181113325793
2015,-0.009137489409798338
2016,0.010107507489029638
2017,0.03653912525865874
2018,0.005263522432304733
2019,-0.01773607991598097
2020,-0.010224928795442461
2021,0.0068530312105287506
2022,0.0020832323619166494
2023,-0.015348199692162568
2024,0.012286697022660241
2025,-0.018460135955019493
2026,-0.0005234933518717557
2027,-0.007403726086555934
2028,0.017749706901110246
2029,0.009646226127420894
2030,-0.0054647574373603075
2031,-0.01581565121036413
2032,0.014173204716793765
2033,0.017178623423961786
2034,-0.01712892982744028
2035,0.0014286635634465851
2036,-0.012226948512070391
2037,-0.0017157523877269945
2038,0.012883537779930333
2039,-0.0032466307544483466
2040,0.009219852237251254
2041,5.8324255207125214e-05
2042,-0.009727419779489778
2043,-0.003427417090538702
2044,0.004320045320615329
2045,0.005413592325150457
2046,0.0035753089856441606
2047,-0.0133631485297471
2048,0.005173480356872642
2049,0.0021337309936977165
2050,-0.0006708427043961229
2051,-0.012849093902910181
2052,-0.005491287670361688
2053,0.020745533572781458
2054,-0.004666868432005156
2055,0.029080559198902095
2056,-0.007613480659440029
2057,-0.008735537722083785
2058,0.005958920716708551
2059,-0.02787044757052814
2060,-0.009723444114891481
2061,0.008033821137468474
2062,-0.03220324308532955
2063,0.016026546274665803
2064,-0.00877764255429566
2065,0.0071451316778956084
2066,0.0009771799253432288
2067,0.01390170785263603
2068,-0.019863821742456874
2069,-0.0038384639386419973
2070,0.026780089140171562
2071,0.0025765714613544453
2072,-0.0013859823236892308
2073,-0.013753295050230948
2074,-0.025965898778301855
2075,-0.0010323088677289892
2076,0.018178907821426775
2077,0.03536299521064446
2078,-0.021201370065508967
2079,-0.01712961870290425
2080,0.004881167387927513
2081,0.004455892704998277
2082,0.002712295638253957
2083,-0.0024957870490480605
2084,0.013362046905196868
2085,0.012392206527728385
2086,-0.0056714730094879606
2087,-0.019992590459265186
2088,0.007671596005534591
2089,0.004135126465185142
2090,-0.009682868443911162
2091,-0.012744974951690878
2092,-0.006810655996019572
2093,-0.007823296382717866
2094,-0.009016065917078063
2095,0.004136942275168862
2096,0.007119980181752054
2097,-0.0010258997237038235
2098,0.025380324580626026
2099,-0.011059137366373307
2100,-0.011497466640452828
2101,0.0024248316491653475
2102,-0.00023551007219080726
2103,-0.0004846269233178528
2104,-0.004011702920076605
2105,-0.012629851229858676
2106,0.01017736875696452
2107,0.006030504787422677
2108,0.010877901644198985
2109,0.00954148534357852
2110,0.028903141484730357
2111,0.005011211493694178
2112,-0.014176093293760352
2113,0.007964642913133122
2114,0.013600201755546886
2115,-0.013482784821135033
2116,0.00034928050260604044
2117,-0.004965582037864796
2118,-0.029217619413151853
2119,0.021354461069252314
2120,-0.005633730797344435
2121,0.011056108266208516
2122,-0.010200557494149713
2123,0.012177551725141532
2124,-0.002148258519016115
2125,-0.020936677695104353
2126,-0.004042390367110894
2127,0.03361565020148824
2128,-0.013790147389440954
2129,-0.016671926276156306
2130,0.00928647587782952
2131,-0.02400292771350708
2132,-0.009211476079747712
2133,0.015510863660006934
2134,0.01141126656073887
2135,-0.013142515966012082
2136,-0.013836916606785592
2137,0.002830708704300682
2138,0.0010886473518944173
2139,-0.0018558436206131312
2140,0.02521568762300032
2141,-0.011288610440953799
2142,0.014206169493267553
2143,0.009876169774144232
2144,0.011493957554735739
2145,0.0018594292518309668
2146,0.005903505372373131
2147,0.009389613758399551
2148,-0.012222459380440295
2149,-0.015920331521857622
2150,-0.00391924871599712
2151,-0.0030632723286647748
2152,0.01649821030869781
2153,-0.008719546978763369
2154,0.02205724266597133
2155,-0.009068155184039294
2156,-0.0008002012780462559
2157,-0.027585492276857037
2158,0.03659461164293883
2159,0.003986645723540166
2160,-0.001275260164634984
2161,-0.02368591840958147
2162,-0.009578040834905065
2163,7.977344457822197e-05
2164,-0.007374299521254994
2165,0.0029416859832147807
2166,-0.01847524022731332
2167,0.010661241905952907
2168,0.011993363424067139
2169,-0.009286483535870875
2170,0.005283562957367612
2171,0.004022915103159295
2172,0.018456593220525102
2173,-0.009234300504417719
2174,-0.025603802158609097
2175,0.01094047410711718
2176,0.002172760840619143
2177,0.0055278939508656075
2178,0.0033414368168691107
2179,0.019408019064946783
2180,-0.01411127604524558
2181,0.0011067626666986688
2182,0.024241758111120247
2183,0.00996546600712576
2184,0.0018598281449227832
2185,0.01827960819888077
2186,0.013197087110802854
2187,-0.01745503044434085
2188,-0.008044251890514395
2189,-0.0070748463785357775
2190,-0.015712010610104674
2191,0.0070401313751854875
2192,-0.027348272593375446
2193,0.011077641943791232
2194,0.01655410616004778
2195,-0.01243609701292737
2196,0.00014390517361803832
2197,0.006534928097302588
2198,0.008893053178731864
2199,-0.020164086708627158
2200,-0.0013300862520690187
2201,-0.015197493106538429
2202,0.004456931478623312
2203,-0.01079212574006774
2204,0.009925149326679072
2205,-0.0006159046976946305
2206,-0.0012613288983672707
2207,0.006991883943990796
2208,-0.011531949877400936
2209,0.007495146215753601
2210,-0.001966502908299897
2211,0.03571481715715739
2212,0.003431075196247912
2213,-0.026820822396226723
2214,0.0021699970197254313
2215,-0.007069540801212163
2216,0.0017612086126692285
2217,-0.002075081499718927
2218,-0.018752110397119597
2219,-0.018262576532639734
2220,0.00572872310159717
2221,0.01276683110802026
2222,-0.009995175472170702
2223,-0.010324857771104227
2224,-0.012654887878422937
2225,-0.004233792267887716
2226,-0.007740587785331031
2227,-0.006160746031228871
2228,0.017024305979635897
2229,0.012319500855757143
2230,0.016030832461332318
2231,0.00799802308701062
2232,-0.016912380759998784
2233,-0.014832252103568493
2234,-0.014657381957664245
2235,0.0034418478942771272
2236,-0.005078814493466451
2237,-0.00343412597222404
2238,0.012279779823208731
2239,0.0003371668101415997
2240,-0.0055495213360174135
2241,-0.007410095341446378
2242,-0.00976159410328116
2243,-0.026372794998631478
2244,-0.003796953352579782
2245,0.003351542734726
2246,-0.019513117649818845
2247,-0.0217729602970244
2248,-0.00032379433129900106
2249,0.0014949947250882875
2250,0.01553659673930142
2251,-0.0050005171920360384
2252,-0.0174359102456039
2253,-0.00684219262639161
2254,-0.01701258641845004
2255,0.016468808974673135
2256,-0.00012626493946345008
2257,0.007077490944150219
2258,0.005723166514161116
2259,0.0028162151497620096
2260,0.009440864393318411
2261,-0.01725822220551524
2262,-0.0030038506464905076
2263,-0.01865552531047047
2264,-0.008966722688758694
2265,0.001481064037815204
2266,0.021371264260865077
2267,-0.025392728558765214
2268,0.013012677677510045
2269,0.007930361821472364
2270,0.012364173993848876
2271,0.01640560932624186
2272,-0.010200321305825922
2273,0.0058988070391848045
2274,-0.017097839624378754
2275,0.004541635076315682
2276,-0.005789231643452718
2277,-0.005474963205651983
2278,-0.018312765456337518
2279,0.011177474903046472
2280,-0.004596803375414475
2281,0.004624304863657746
2282,-0.00415204591120976
2283,0.0016801899888454856
2284,0.003957436868967258
2285,0.007024677256641605
2286,-0.01134238302171017
2287,-0.004960686365507889
2288,0.01541807345219042
2289,0.016242174953163914
2290,-0.0023443460414548007
2291,0.013341847767688653
2292,-0.012518125472274908
2293,0.003193929173065518
2294,-0.0011400275174214135
2295,0.005208220481342113
2296,0.02338912176429558
2297,-0.008739051630531125
2298,0.008438491914205221
2299,0.0007883554782652064
2300,-0.011591748647531564
2301,-0.016054377441646533
2302,0.009321178315273728
2303,0.003691095655775418
2304,-0.018745477655235734
2305,0.012209791106511552
2306,0.022053794365017056
2307,-0.006421855553821876
2308,0.028494214863721473
2309,-0.019409888851660857
2310,0.005303025791367978
2311,-0.024878975390133305
2312,-0.011749632234781983
2313,-0.029517986387919734
2314,0.012004875066170663
2315,0.012060792339589827
2316,0.0020469233856971313
2317,-0.0007555814705412341
2318,-0.01455436267430412
2319,0.011723103466609047
2320,0.001878840456693867
2321,-0.0016267979606818675
2322,0.012977404741738153
2323,-0.013205302102075458
2324,0.00881966147225331
2325,-0.00102268712657411
2326,0.008212722536998694
2327,0.0005106043162837802
2328,0.010870450408444914
2329,0.012607620755070381
2330,0.015113964818731371
2331,-0.0221961375754773
2332,-0.012450013306424392
2333,-0.014321196761850223
2334,-0.0009447541047008317
2335,0.006976503332844782
2336,-0.026966090398732306
2337,-0.0069353565908483366
2338,0.009594617122206323
2339,0.009480321985968756
2340,5.296195133007099e-05
2341,-0.0014232628168015533
2342,0.0193689362122739
2343,0.0403805201063393
2344,-0.023419078804871856
2345,-0.0002174363585093434
2346,0.004863024374181863
2347,0.010492032778482088
2348,0.01558365640437078
2349,-0.004191182553260387
2350,-0.009683518025161954
2351,0.0052607888835614625
2352,0.0049547596669469686
2353,-0.009760268868150068
2354,0.0070356697377715995
2355,-0.017237725503925917
2356,-0.0009043315117527038
2357,0.0012190106281305933
2358,0.009627459470908355
2359,-0.001575890887417704
2360,-0.004854984622596928
