rank,pair,model,regularization,beta_norm_sq,n_nonzero,validation_r2_paper,validation_expected_timing_return,validation_sharpe_paper,validation_sharpe_var
1,B,lasso,0.1,0.15160376163036976,79,-0.015928425092210485,0.07625470318776582,0.2179041162355082,0.22326923532836365
2,B,lasso,0.05,0.2819745533626936,129,-0.07081102218978352,0.10082159099407477,0.21589376956411882,0.22110819557430514
3,B,lasso,0.03,0.350207126699698,153,-0.1676601011563732,0.08703057385327069,0.17200457757771623,0.1746068924634366
4,B,lasso,0.01,0.4265755326261815,185,-0.2936506562958847,0.0746970129208453,0.13226728338395763,0.1334396727747755
5,B,lasso,0.2,0.01826995230600835,19,-0.053899325174831425,-0.01808321187340775,-0.13710590089210942,-0.13841301874951115
6,B,ridge,0.0,0.10453195561802583,2400,-0.15823601580092994,-0.038349755948381144,-0.18460005545869024,-0.18782812105887411
7,B,ridge,0.1,0.10266197683391083,2400,-0.15619546927643402,-0.0380469299435947,-0.18465261715769116,-0.1878834895004839
8,B,ridge,0.25,0.0999565719822563,2400,-0.15322911465084132,-0.0376024461233315,-0.18472781609069255,-0.18796270688424233
9,B,ridge,0.5,0.0956956816711229,2400,-0.14852178610721634,-0.03688643119968756,-0.18484403681442643,-0.18808514488892852
10,B,ridge,50.0,0.003948784734510523,2400,-0.01924819788619203,-0.008126996179709953,-0.18498610580912125,-0.18823482502839575
11,B,ridge,1.0,0.08800134377768672,2400,-0.13990314186503383,-0.03553994608103419,-0.1850459849969539,-0.18829791581868585
12,B,ridge,2.0,0.07528692851888868,2400,-0.12528123717459927,-0.03314122284838153,-0.18535139404009526,-0.18861973918727387
13,B,ridge,25.0,0.010870560013839972,2400,-0.035118919137567595,-0.013315643976942813,-0.18545973135477628,-0.18873391272708315
14,B,ridge,5.0,0.0505521653179527,2400,-0.0950261726882351,-0.027633150037268035,-0.18579023414655826,-0.18908226404933057
15,B,ridge,10.0,0.030200113260582154,2400,-0.06723024357051433,-0.021720728349835378,-0.18587979275615746,-0.18917667063841515
