seed,cq,P1,alpha,beta_norm_sq,n_nonzero,r2_paper,expected_timing_return,sharpe_paper,sharpe_var
20260902,0.5,50,0.05,0.6794398776095589,35,-0.3262206552445863,0.00894556792507536,0.007703607923755611,0.007703836521451428
20260902,0.75,75,0.05,1.0502549200028746,49,-0.4959742603717201,0.016376466711047963,0.011567385878589801,0.011568159839916686
20260902,0.9,90,0.05,1.1274377629150263,55,-0.5274792887851318,0.014376525613443717,0.009834716589348709,0.009835192238863026
20260902,0.95,95,0.05,1.13779076964515,57,-0.544123497869387,0.009325599703685206,0.0063289647227220466,0.006329091482385197
20260902,0.98,98,0.05,1.134361518283102,59,-0.5394343710323426,0.012569950246119208,0.008565989783035887,0.00856630407014011
20260902,1.02,102,0.05,1.1039008108413935,59,-0.51218818348549,0.021279015401597413,0.014726166358434847,0.014727763376225179
20260902,1.05,105,0.05,1.0538527226060583,61,-0.4811936252485609,0.01532647726442919,0.010908693643724994,0.01090934276673337
20260902,1.1,110,0.05,1.283947055209019,62,-0.6016191476533832,0.02781934555316869,0.017185231459541993,0.017187769697711505
20260902,1.25,125,0.05,1.2242688697684887,63,-0.5764634614895523,0.02814768127193073,0.017937503461499707,0.017940389890075712
20260902,1.5,150,0.05,1.3473371977808588,63,-0.6893063304109499,-0.017616187121036967,-0.01072872331063026,-0.010729340831492117
20260902,2.0,200,0.05,1.1398636788430907,77,-0.5135304084071879,0.05236866350315843,0.03526336840374587,0.03528531396305911
20260902,3.0,300,0.05,1.0992127274370964,81,-0.5261022181479906,0.026397258222104165,0.017618220073969872,0.017620955073239852
20260902,5.0,500,0.05,0.9540472067495245,73,-0.3668558115395104,0.11676009069536525,0.08271710100796906,0.08300154159118218
20260902,7.0,700,0.05,0.7228450695760347,91,-0.31372355850776446,0.04448525387695234,0.037677108533197834,0.03770387958200303
20260902,10.0,1000,0.05,0.6729298444017908,84,-0.26136374339275914,0.06840439329899163,0.06046430331258987,0.06057513398731484
20260903,0.5,50,0.05,0.8890196849871149,33,-0.43505231981768655,0.02172344802489521,0.01605823238107709,0.016060303224304337
20260903,0.75,75,0.05,1.1595361197189562,49,-0.5616367843752919,0.029576221431088835,0.019129724736365504,0.019133225923978717
20260903,0.9,90,0.05,1.4622014552033638,55,-0.720231561111843,0.016015740605213147,0.009260346084762965,0.009260743166205213
20260903,0.95,95,0.05,1.358930250114931,58,-0.6341049906102683,0.05468320848248784,0.032549106909514056,0.03256636260569175
20260903,0.98,98,0.05,1.3435713022905826,56,-0.6155672488359674,0.06305922462371882,0.03766196792024409,0.03768870668513136
20260903,1.02,102,0.05,1.3589642051771418,59,-0.6378774448266649,0.05510546341748449,0.03236994213837805,0.03238691430287027
20260903,1.05,105,0.05,1.4179107129948854,59,-0.6326517583224216,0.08592978702412037,0.050202697343701835,0.05026608037827633
20260903,1.1,110,0.05,1.5192851234206202,59,-0.6562840586540233,0.10947653061698105,0.06330420911291045,0.06343143499516103
20260903,1.25,125,0.05,1.5476207505660236,61,-0.6507105297179134,0.12437479842821751,0.07082152011769859,0.07099980036132984
20260903,1.5,150,0.05,1.6402187296714987,62,-0.6548479534043692,0.12128310075214153,0.06748679709724839,0.06764100727816598
20260903,2.0,200,0.05,1.4712737943473173,74,-0.5698850290131525,0.14186613314165253,0.08264461613498937,0.0829283070423073
20260903,3.0,300,0.05,1.2974321257246164,73,-0.4747859600540498,0.14168172905375656,0.08959597063801822,0.08995776335006017
20260903,5.0,500,0.05,1.004159208459861,77,-0.39628095473195546,0.10813479201123223,0.0779273903232041,0.07816508744706897
20260903,7.0,700,0.05,0.825601265123709,86,-0.31064933838210784,0.10676849211765206,0.08084772476891411,0.0811132518635573
20260903,10.0,1000,0.05,0.7799420688193133,82,-0.2640942439708265,0.13397363848948207,0.10292617489922848,0.10347573474493825
20260904,0.5,50,0.05,0.7892141590102698,32,-0.3813600177604404,0.01644469271468679,0.012735330290260763,0.01273636317883915
20260904,0.75,75,0.05,0.8869042663107483,46,-0.455146547499073,-0.0014823539580110054,-0.0010759168253578239,-0.0010759174480974173
20260904,0.9,90,0.05,0.9027667497771205,52,-0.4731426917444479,-0.013729616609908842,-0.009954315291239142,-0.009954808506445773
20260904,0.95,95,0.05,1.0065716415749393,57,-0.53081314753474,-0.010417338161112693,-0.007103437051883417,-0.007103616274184464
20260904,0.98,98,0.05,0.9619065633520855,58,-0.5011085995841087,-0.007244767524449616,-0.0050957271662774774,-0.005095793326500959
20260904,1.02,102,0.05,1.0475792680271354,55,-0.5552384896018379,-0.023812888384350996,-0.01618283909275236,-0.016184958524636864
20260904,1.05,105,0.05,1.0476175712156168,58,-0.5542436682367273,-0.02076216297221971,-0.01408708415164446,-0.014088482122041494
20260904,1.1,110,0.05,1.1046794942828986,57,-0.5965472548711364,-0.030984970885470864,-0.02044659441706556,-0.020450869742212736
20260904,1.25,125,0.05,1.0934964371853964,69,-0.5356589954853215,0.022245477277747044,0.01476657723533897,0.01476818743807144
20260904,1.5,150,0.05,1.1714172806513985,66,-0.48959704819664585,0.09043940140122587,0.05845248948516273,0.05855260322303298
20260904,2.0,200,0.05,1.1086455698766389,73,-0.5039661816215464,0.06443911175463271,0.0410067443483099,0.04104126539982306
20260904,3.0,300,0.05,0.9640706664437149,74,-0.3844462826307744,0.07911599156185785,0.05541746244568583,0.05550275510234159
20260904,5.0,500,0.05,0.8225429322898333,74,-0.28463552396753977,0.11163687110472197,0.08472564929391005,0.08503139517561162
20260904,7.0,700,0.05,0.6753551330475471,80,-0.20805331144011907,0.12377441983795961,0.1029448332322018,0.1034946936023714
20260904,10.0,1000,0.05,0.5769475159935316,86,-0.16412799582760185,0.1250155204373545,0.1101351217265945,0.11080921587899531
20260905,0.5,50,0.05,0.6922389921157868,33,-0.2947193328798261,0.03751773369153804,0.032521353258118564,0.03253856482833725
20260905,0.75,75,0.05,0.7662722943558709,44,-0.3164402151538992,0.04295206377423335,0.03617506705962237,0.03619876030459003
20260905,0.9,90,0.05,0.7767272612691731,54,-0.3003837288368383,0.06709024983980376,0.05590243334095739,0.055989988452753395
20260905,0.95,95,0.05,0.9020485868705388,51,-0.35243453230833666,0.07345231902184267,0.05651338990079836,0.05660385183762925
20260905,0.98,98,0.05,0.8979568927128666,55,-0.3504139807744435,0.07117792779447811,0.05424809129705179,0.05432809005345757
20260905,1.02,102,0.05,0.8979568927128666,55,-0.3504139807744435,0.07117792779447811,0.05424809129705179,0.05432809005345757
20260905,1.05,105,0.05,0.9396773599843657,56,-0.4090525159260494,0.042476767986509914,0.03236903716933526,0.03238600790964442
20260905,1.1,110,0.05,0.9639588431405817,54,-0.41820871541584337,0.04821876440966212,0.03603131626901103,0.036054727999089375
20260905,1.25,125,0.05,0.9893078666271674,55,-0.4083579068158376,0.06810967302998697,0.0508364339794759,0.05090225096889503
20260905,1.5,150,0.05,0.9971777250991019,62,-0.37776025467406993,0.11276592160177136,0.08181573352882221,0.08209094562773378
20260905,2.0,200,0.05,1.115319857847203,66,-0.4426538610555204,0.12229305788546253,0.08215765224971402,0.08243634102239829
20260905,3.0,300,0.05,1.1531484995604153,72,-0.47197369279906964,0.10652557003595625,0.07037841910035172,0.07055336571177574
20260905,5.0,500,0.05,0.8410781100308613,81,-0.2985628204465287,0.10634625657618867,0.08528251679827152,0.0855943533119983
20260905,7.0,700,0.05,0.7282558130337312,83,-0.1847491063453346,0.1458770230891265,0.12130672432793109,0.12220923085439332
20260905,10.0,1000,0.05,0.6685916574939449,85,-0.24572534801218948,0.10691683518043296,0.0897304374040776,0.09009386813275244
20260906,0.5,50,0.05,0.5660340883605578,30,-0.3383552207440863,-0.05074296037696802,-0.04862901709960321,-0.04868661777474524
20260906,0.75,75,0.05,0.6319144316840509,43,-0.3386344959558243,-0.018221987399308782,-0.016380183555099365,-0.016382381484314514
20260906,0.9,90,0.05,0.739473930661984,48,-0.3704012398537546,0.005557547553284497,0.004568021266338079,0.004568068927118831
20260906,0.95,95,0.05,0.7197174346237394,53,-0.37464190615912374,-0.005425503612568541,-0.004507510793530873,-0.004507556585250007
20260906,0.98,98,0.05,0.7839941916225175,53,-0.4280211623908283,-0.024064874896376383,-0.019245179175255957,-0.019248744150683204
20260906,1.02,102,0.05,0.740864306047083,56,-0.40049004970797175,-0.020247976808697544,-0.016878427084103434,-0.01688083177203547
20260906,1.05,105,0.05,0.740864306047083,56,-0.40049004970797175,-0.020247976808697544,-0.016878427084103434,-0.01688083177203547
20260906,1.1,110,0.05,0.7881929926700888,56,-0.4356233290442446,-0.035887893746432295,-0.029351801764976315,-0.029364453643978786
20260906,1.25,125,0.05,0.9546566350781516,58,-0.509032225361969,-0.02197280688873382,-0.01614404153659885,-0.01614614575932106
20260906,1.5,150,0.05,1.0465970091383774,64,-0.5245241694427796,0.00010354290467703109,7.384013545451686e-05,7.384013565581857e-05
20260906,2.0,200,0.05,1.0485840627797476,69,-0.5329372899144948,-0.008567615678513753,-0.006152421458748972,-0.006152537903674795
20260906,3.0,300,0.05,0.9011938229201933,75,-0.469646838519413,0.0054333395974184295,0.004185413737298922,0.00418545039716689
20260906,5.0,500,0.05,0.8469029292293245,84,-0.4126514172328206,0.027230322037549555,0.021069786964169935,0.021074465339560425
20260906,7.0,700,0.05,0.7790001181462372,80,-0.33080110595204726,0.058252185779493273,0.04881820000100817,0.048876476359175705
20260906,10.0,1000,0.05,0.6407952458314017,84,-0.2386547239617718,0.08400784739371941,0.07303599141229025,0.07323157055216571
20260907,0.5,50,0.05,0.6270148335043334,32,-0.292112385458158,0.04950270847236777,0.04317290382679534,0.04321319513939685
20260907,0.75,75,0.05,0.894263546504808,44,-0.4417348404938497,0.04918573139076415,0.037100691318932455,0.03712625154178842
20260907,0.9,90,0.05,0.93158920368638,54,-0.4225758828609696,0.07012822641091268,0.05270590658776459,0.052779265662736996
20260907,0.95,95,0.05,0.9353472132966306,52,-0.4184195878309438,0.06746340621540281,0.05112062362408132,0.051187552058682945
20260907,0.98,98,0.05,0.9495723465356692,56,-0.4229747669024453,0.07110035006595407,0.053355143529363366,0.05343125101016186
20260907,1.02,102,0.05,0.9543512831288788,56,-0.42469725339525577,0.07056794424350733,0.052881800935321806,0.05295589795810262
20260907,1.05,105,0.05,0.9635180503497283,55,-0.4353131666782877,0.06344827080416197,0.047033604855364994,0.04708571425639126
20260907,1.1,110,0.05,1.063465781441316,55,-0.5044093031973629,0.05901058527105144,0.04135937397957922,0.041394794055590975
20260907,1.25,125,0.05,1.0427754890372352,60,-0.4866726367944294,0.0698773373529271,0.048780240604653066,0.048838380965365455
20260907,1.5,150,0.05,1.0341722493470225,62,-0.45499789886045283,0.09731678044868128,0.06772115374642464,0.06787697977601943
20260907,2.0,200,0.05,0.9276571408905446,74,-0.36056082978263215,0.13800329704520556,0.10233165256828888,0.1028716942996846
20260907,3.0,300,0.05,0.9333046182404791,76,-0.37246619102429124,0.12659747967901208,0.09286001082108794,0.09326298390684164
20260907,5.0,500,0.05,0.765081660466018,79,-0.26962215033901105,0.11815014824524783,0.09833370935119569,0.09881260498665789
20260907,7.0,700,0.05,0.6984017895170087,87,-0.2644825886647324,0.08780219924095459,0.0760591254879965,0.07628008530118678
20260907,10.0,1000,0.05,0.6237251027225981,82,-0.24217207489814596,0.07106734179250183,0.06592498727703724,0.0660687143604368
20260908,0.5,50,0.05,0.6334964749603319,31,-0.27118458914205257,0.04736616905356294,0.0443318798447529,0.04437550722834305
20260908,0.75,75,0.05,0.6890686491691298,41,-0.2970151771424976,0.044386827928782055,0.03985433668472807,0.03988602612016252
20260908,0.9,90,0.05,0.7707115296022539,50,-0.3462819718571022,0.047145372414883216,0.038563051241027956,0.03859175699019143
20260908,0.95,95,0.05,0.8422433574967237,49,-0.402590431791533,0.02046129566570397,0.01614450153317153,0.016146605935790894
20260908,0.98,98,0.05,0.8671376175045334,50,-0.41810712046268317,0.012182340476257983,0.009502051120278004,0.009502480114558676
20260908,1.02,102,0.05,0.8988375989477779,51,-0.4302246365562916,0.036101717272161965,0.02654009253279383,0.026549444582505598
20260908,1.05,105,0.05,0.8899177403518843,53,-0.4271563450430085,0.033803529901527476,0.02494218002583468,0.024949942066714255
20260908,1.1,110,0.05,0.9857534489281029,53,-0.4683352923429065,0.04660185250501284,0.03239484570515085,0.03241185709259919
20260908,1.25,125,0.05,0.7309835843456646,58,-0.33273719421227654,0.040792351515871565,0.03383227727568901,0.033851656514832185
20260908,1.5,150,0.05,0.7879078497854373,60,-0.36227145764434354,0.02657426267709453,0.02219934862066788,0.022204820685747122
20260908,2.0,200,0.05,0.6899258518807728,73,-0.27773911980573573,0.08025650194018252,0.06951578885091127,0.06968436568588661
20260908,3.0,300,0.05,0.7596994445846457,78,-0.2968777735878585,0.10643247962930652,0.08550001292985351,0.08581425017768814
20260908,5.0,500,0.05,0.5530021280837053,79,-0.1804140888782424,0.10008384929267373,0.09519939961018015,0.09563374673387359
20260908,7.0,700,0.05,0.5283782767647744,74,-0.15901832931665805,0.11464956049115446,0.11013951884288599,0.11081369423286556
20260908,10.0,1000,0.05,0.43396202257015376,83,-0.11822827595312035,0.10538921315731813,0.10819979084515799,0.10883876480649855
20260909,0.5,50,0.05,0.5655493543664567,31,-0.2771820229291184,0.00727639583733402,0.006708210175043852,0.006708361115147963
20260909,0.75,75,0.05,0.6069738432627817,41,-0.27344694332524755,0.032282588605891324,0.028919112031599806,0.02893121236607557
20260909,0.9,90,0.05,0.7942497756610576,50,-0.33285209221859424,0.06189679994029959,0.04781137825528467,0.04786611880441651
20260909,0.95,95,0.05,0.8488636952809211,52,-0.3558599742742128,0.06964041335884054,0.0514397256251688,0.05150791690694164
20260909,0.98,98,0.05,0.9326108533586591,56,-0.42285911870270687,0.035061786610526564,0.025248996467522204,0.02525704858459531
20260909,1.02,102,0.05,0.937890763788848,59,-0.42105316997196307,0.044238802256961376,0.03159580343093061,0.031611586211860915
20260909,1.05,105,0.05,0.9273039076070236,59,-0.408118491633815,0.05357386288782165,0.038830094818179325,0.03885940151093822
20260909,1.1,110,0.05,0.8586479426107116,66,-0.33469840021782615,0.08516536015371415,0.06415357299623384,0.06428599972476866
20260909,1.25,125,0.05,0.9398947628541081,69,-0.3498807210892272,0.12517057309331844,0.08922753219370645,0.08958486213184566
20260909,1.5,150,0.05,0.9935304395774696,68,-0.36844316081455575,0.12420156385590253,0.08716041397271544,0.08749338848858754
20260909,2.0,200,0.05,1.096298920383018,75,-0.40166744381366826,0.13153597261815766,0.09085543159598793,0.09123276186835147
20260909,3.0,300,0.05,0.818403015506855,78,-0.31522478254590847,0.08574781585339307,0.06784389735358763,0.06800057418062312
20260909,5.0,500,0.05,0.6411721757677826,78,-0.23268358445961623,0.06897223143988786,0.05992803126873663,0.060035933829122576
20260909,7.0,700,0.05,0.571586079791284,79,-0.25769064273315423,0.04366077270402884,0.039337825835598556,0.039368298151593706
20260909,10.0,1000,0.05,0.5903452378009737,86,-0.26228800341938374,0.039722882583549765,0.036231224264932714,0.03625502809623771
20260910,0.5,50,0.05,0.5827603663278667,39,-0.2768241726444438,0.011645603916290681,0.01101538646266976,0.011016054820044665
20260910,0.75,75,0.05,0.8563191619544592,48,-0.4341060759390043,-0.0001736399434630851,-0.00013511710986670785,-0.0001351171111000996
20260910,0.9,90,0.05,0.9678788956401329,51,-0.4599731696614604,0.02785880010853916,0.01973406960841609,0.019737913285025954
20260910,0.95,95,0.05,0.8435133555108898,55,-0.39075180823998545,0.03226319577607716,0.02413566935994862,0.024142702314978996
20260910,0.98,98,0.05,0.8405480921088334,57,-0.39609127005511535,0.026046254789036355,0.019628877047304247,0.019632659573012294
20260910,1.02,102,0.05,0.9427628444946337,51,-0.45092534819356045,0.020380907911192486,0.014513100642070708,0.014514629331414928
20260910,1.05,105,0.05,0.9549366050157252,55,-0.46731391392511656,0.014622352760481995,0.010184608958008714,0.010185137204800358
20260910,1.1,110,0.05,0.919559965933028,55,-0.45233161542646894,0.012533743042120281,0.009020361781561945,0.009020728783516273
20260910,1.25,125,0.05,0.9544185671044557,57,-0.46522783643636845,0.01726822572859843,0.012021582681962953,0.012022451446377404
20260910,1.5,150,0.05,0.9417531586953594,61,-0.4405126803405677,0.03240625566357569,0.022964745889308004,0.022970803854268144
20260910,2.0,200,0.05,0.9313703400195331,68,-0.43857880593643706,0.027491409427224084,0.01961851437328669,0.01962229091027755
20260910,3.0,300,0.05,0.8620013375808535,70,-0.3650470031863895,0.06451957326132586,0.04730760675347259,0.04736063321576756
20260910,5.0,500,0.05,0.7586725369336879,76,-0.2778747013310421,0.1058400082567408,0.08254484227168266,0.08282750343349317
20260910,7.0,700,0.05,0.6654454177947796,77,-0.24570224291887688,0.0935357965963274,0.08049366875913615,0.08075571135002024
20260910,10.0,1000,0.05,0.5659725469337417,78,-0.22258372137350224,0.07826380489855586,0.07253314686863487,0.07272470356832668
20260911,0.5,50,0.05,0.6016967027613632,33,-0.31496579433178784,-0.015382553664504185,-0.013549121206175846,-0.013550365042364907
20260911,0.75,75,0.05,0.8253422656331583,48,-0.4173577229471974,-0.012502708018556751,-0.009717373561740458,-0.009717832387147003
20260911,0.9,90,0.05,0.9367861442684319,51,-0.4477054645129954,0.014115192871098366,0.010202264442019295,0.01020279544093918
20260911,0.95,95,0.05,0.9914457823623563,48,-0.45976338480149015,0.02395140261396194,0.01709467241481618,0.017097170731857007
20260911,0.98,98,0.05,0.9812033496365856,49,-0.44479440911681634,0.031021640762336794,0.022313803499814055,0.022319360661495966
20260911,1.02,102,0.05,0.9489183980257726,61,-0.429885813985845,0.03329478651589118,0.024157637608362745,0.02416468979064629
20260911,1.05,105,0.05,0.9664537860152715,58,-0.43821351618243787,0.03427846987343031,0.024722634351226413,0.024730193160384144
20260911,1.1,110,0.05,1.206709783479718,59,-0.5389468425761936,0.041358664979960304,0.02679076719542537,0.026800386846451127
20260911,1.25,125,0.05,1.1686706694273183,63,-0.5048603186528027,0.06794612688896194,0.04454937064100483,0.044593643926606585
20260911,1.5,150,0.05,1.0744652911401105,73,-0.4542087193951032,0.08070306235092582,0.05422536287704327,0.05430526097576752
20260911,2.0,200,0.05,0.9245865587768893,62,-0.41111673588032627,0.0537766490770281,0.03989930154600731,0.03993109844706755
20260911,3.0,300,0.05,0.8131116229238057,78,-0.3512182397240804,0.06600729989418307,0.05140545108637063,0.05147350597004445
20260911,5.0,500,0.05,0.7372122575573571,78,-0.28773272217859636,0.08072111497109105,0.0648417379212251,0.06497848122467469
20260911,7.0,700,0.05,0.6182410572176885,84,-0.2434068195914989,0.07182815564613279,0.062460621833446715,0.06258281922551213
20260911,10.0,1000,0.05,0.5747123506215487,78,-0.24151327871078032,0.04689656666799802,0.0456484990798995,0.045696134378663
