cq,P1,alpha,seed,beta_norm_sq,n_nonzero,r2_paper,expected_timing_return,sharpe_paper,sharpe_var
0.5,50,0.05,20260906.5,0.662646453400364,32.9,-0.3207976510952187,0.013429680559427861,0.011206876585669486,0.011211520323875457
0.75,75,0.05,20260906.5,0.8366849498596839,45.3,-0.4031493063203605,0.01823792105224685,0.014543772665777398,0.014553238766585324
0.9,90,0.05,20260906.5,0.9409822708684923,52.0,-0.44010270914431365,0.03104548387475694,0.023862787212468064,0.023887703446180485
0.95,95,0.05,20260906.5,0.9586472086776816,53.2,-0.44635032614200193,0.033539799906432105,0.024371570624480678,0.024397008101452337
0.98,98,0.05,20260906.5,0.9692862727405434,54.9,-0.4539372047857458,0.029090983294760155,0.020618401432307996,0.02063813632753687
1.02,102,0.05,20260906.5,0.983202637119153,56.2,-0.4612994370499324,0.030808569962022574,0.02179713687664886,0.021817322531041107
1.05,105,0.05,20260906.5,0.9902052762187648,57.0,-0.4653747050904397,0.030244937872156662,0.0208228039929629,0.020840250535980605
1.1,110,0.05,20260906.5,1.0694200431116083,57.6,-0.5007003959399388,0.03633119818997679,0.0240441282317373,0.02407723758086968
1.25,125,0.05,20260906.5,1.0646093631994007,61.3,-0.4819601826055696,0.05419594376988266,0.0366628996654431,0.036735547788407874
1.5,150,0.05,20260906.5,1.1034576930886633,64.1,-0.4816469673183835,0.06681777045349584,0.045137116204221665,0.04524803092134862
2.0,200,0.05,20260906.5,1.045352577564475,71.1,-0.44526357052307,0.08034631807141901,0.05571406486124921,0.05588809007351807
3.0,300,0.05,20260906.5,0.9601577880922679,75.5,-0.40277889822198265,0.08084585367883143,0.058211246493969714,0.05837322370855493
5.0,500,0.05,20260906.5,0.7923871145567954,77.9,-0.3007313775104863,0.09438756846306985,0.07525701648105444,0.0755155113073243
7.0,700,0.05,20260906.5,0.6813110020012794,82.1,-0.2518277043852293,0.0890633859379781,0.07600853516223163,0.07631981405226787
10.0,1000,0.05,20260906.5,0.6127923593189002,82.8,-0.22607514095200817,0.08596580438999053,0.07648296770904436,0.076776886850633
